2026-04-05 16:24:01,583 INFO o.a.j.u.JMeterUtils: Setting Locale to en_EN
2026-04-05 16:24:01,641 INFO o.a.j.JMeter: Loading user properties from: C:\Users\moham\Desktop\Qlanka-pro\.tools\apache-jmeter-5.6.3\bin\user.properties
2026-04-05 16:24:01,644 INFO o.a.j.JMeter: Loading system properties from: C:\Users\moham\Desktop\Qlanka-pro\.tools\apache-jmeter-5.6.3\bin\system.properties
2026-04-05 16:24:01,645 INFO o.a.j.JMeter: Setting JMeter property: protocol=http
2026-04-05 16:24:01,646 INFO o.a.j.JMeter: Setting JMeter property: host=localhost
2026-04-05 16:24:01,646 INFO o.a.j.JMeter: Setting JMeter property: port=5000
2026-04-05 16:24:01,646 INFO o.a.j.JMeter: Setting JMeter property: users=5
2026-04-05 16:24:01,646 INFO o.a.j.JMeter: Setting JMeter property: rampSeconds=5
2026-04-05 16:24:01,647 INFO o.a.j.JMeter: Setting JMeter property: holdSeconds=10
2026-04-05 16:24:01,684 INFO o.a.j.JMeter: Copyright (c) 1998-2024 The Apache Software Foundation
2026-04-05 16:24:01,684 INFO o.a.j.JMeter: Version 5.6.3
2026-04-05 16:24:01,684 INFO o.a.j.JMeter: java.version=1.8.0_421
2026-04-05 16:24:01,684 INFO o.a.j.JMeter: java.vm.name=Java HotSpot(TM) 64-Bit Server VM
2026-04-05 16:24:01,685 INFO o.a.j.JMeter: os.name=Windows 11
2026-04-05 16:24:01,685 INFO o.a.j.JMeter: os.arch=amd64
2026-04-05 16:24:01,685 INFO o.a.j.JMeter: os.version=10.0
2026-04-05 16:24:01,685 INFO o.a.j.JMeter: file.encoding=Cp1252
2026-04-05 16:24:01,685 INFO o.a.j.JMeter: java.awt.headless=true
2026-04-05 16:24:01,685 INFO o.a.j.JMeter: Max memory     =1073741824
2026-04-05 16:24:01,686 INFO o.a.j.JMeter: Available Processors =16
2026-04-05 16:24:01,709 INFO o.a.j.JMeter: Default Locale=English (EN)
2026-04-05 16:24:01,709 INFO o.a.j.JMeter: JMeter  Locale=English (EN)
2026-04-05 16:24:01,710 INFO o.a.j.JMeter: JMeterHome=C:\Users\moham\Desktop\Qlanka-pro\.tools\apache-jmeter-5.6.3
2026-04-05 16:24:01,710 INFO o.a.j.JMeter: user.dir  =C:\Users\moham\Desktop\Qlanka-pro
2026-04-05 16:24:01,711 INFO o.a.j.JMeter: PWD       =C:\Users\moham\Desktop\Qlanka-pro
2026-04-05 16:24:01,742 INFO o.a.j.JMeter: IP: 192.168.1.3 Name: Shazaan_Lap FullName: 192.168.1.3
2026-04-05 16:24:01,829 INFO o.a.j.s.FileServer: Default base='C:\Users\moham\Desktop\Qlanka-pro'
2026-04-05 16:24:01,837 INFO o.a.j.s.FileServer: Set new base='C:\Users\moham\Desktop\Qlanka-pro\tests\jmeter'
2026-04-05 16:24:02,351 INFO o.a.j.s.SaveService: Testplan (JMX) version: 2.2. Testlog (JTL) version: 2.2
2026-04-05 16:24:02,498 INFO o.a.j.s.SaveService: Using SaveService properties file encoding UTF-8
2026-04-05 16:24:02,516 INFO o.a.j.s.SaveService: Using SaveService properties version 5.0
2026-04-05 16:24:02,546 INFO o.a.j.s.SaveService: Loading file: tests\jmeter\websocket-updates.jmx
2026-04-05 16:24:02,836 INFO o.a.j.p.h.s.HTTPSamplerBase: Parser for text/html is org.apache.jmeter.protocol.http.parser.LagartoBasedHtmlParser
2026-04-05 16:24:02,836 INFO o.a.j.p.h.s.HTTPSamplerBase: Parser for application/xhtml+xml is org.apache.jmeter.protocol.http.parser.LagartoBasedHtmlParser
2026-04-05 16:24:02,836 INFO o.a.j.p.h.s.HTTPSamplerBase: Parser for application/xml is org.apache.jmeter.protocol.http.parser.LagartoBasedHtmlParser
2026-04-05 16:24:02,837 INFO o.a.j.p.h.s.HTTPSamplerBase: Parser for text/xml is org.apache.jmeter.protocol.http.parser.LagartoBasedHtmlParser
2026-04-05 16:24:02,837 INFO o.a.j.p.h.s.HTTPSamplerBase: Parser for text/vnd.wap.wml is org.apache.jmeter.protocol.http.parser.RegexpHTMLParser
2026-04-05 16:24:02,837 INFO o.a.j.p.h.s.HTTPSamplerBase: Parser for text/css is org.apache.jmeter.protocol.http.parser.CssParser
2026-04-05 16:24:06,149 INFO o.a.j.JMeter: Creating summariser <summary>
2026-04-05 16:24:06,210 INFO o.a.j.e.StandardJMeterEngine: Running the test!
2026-04-05 16:24:06,213 INFO o.a.j.s.SampleEvent: List of sample_variables: []
2026-04-05 16:24:06,213 INFO o.a.j.s.SampleEvent: List of sample_variables: []
2026-04-05 16:24:06,246 INFO o.a.j.e.u.CompoundVariable: Note: Function class names must contain the string: '.functions.'
2026-04-05 16:24:06,247 INFO o.a.j.e.u.CompoundVariable: Note: Function class names must not contain the string: '.gui.'
2026-04-05 16:24:08,382 INFO o.a.j.JMeter: Running test (1775386448382)
2026-04-05 16:24:08,526 INFO o.a.j.e.StandardJMeterEngine: Starting ThreadGroup: 1 : WebSocket Clients
2026-04-05 16:24:08,527 INFO o.a.j.e.StandardJMeterEngine: Starting 50 threads for group WebSocket Clients.
2026-04-05 16:24:08,527 INFO o.a.j.e.StandardJMeterEngine: Thread will continue on error
2026-04-05 16:24:08,528 INFO o.a.j.t.ThreadGroup: Starting thread group... number=1 threads=50 ramp-up=30 delayedStart=false
2026-04-05 16:24:08,789 INFO o.a.j.t.JMeterThread: Thread started: WebSocket Clients 1-1
2026-04-05 16:24:08,794 INFO o.a.j.s.FileServer: Stored: tests/jmeter/config/centers-counters.csv
2026-04-05 16:24:08,848 INFO o.a.j.t.ThreadGroup: Started thread group number 1
2026-04-05 16:24:08,848 INFO o.a.j.e.StandardJMeterEngine: All thread groups have been started
2026-04-05 16:24:08,907 INFO o.a.j.s.FileServer: Stored: tests/jmeter/config/users.csv
2026-04-05 16:24:08,994 INFO o.a.j.p.h.s.HTTPHCAbstractImpl: Local host = Shazaan_Lap
2026-04-05 16:24:09,017 INFO o.a.j.p.h.s.HTTPHC4Impl: HTTP request retry count = 0
2026-04-05 16:24:09,029 INFO o.a.j.s.SampleResult: Note: Sample TimeStamps are START times
2026-04-05 16:24:09,030 INFO o.a.j.s.SampleResult: sampleresult.default.encoding is set to UTF-8
2026-04-05 16:24:09,030 INFO o.a.j.s.SampleResult: sampleresult.useNanoTime=true
2026-04-05 16:24:09,031 INFO o.a.j.s.SampleResult: sampleresult.nanoThreadSleep=5000
2026-04-05 16:24:09,392 INFO o.a.j.t.JMeterThread: Thread started: WebSocket Clients 1-2
2026-04-05 16:24:09,982 INFO o.a.j.t.JMeterThread: Thread started: WebSocket Clients 1-3
2026-04-05 16:24:10,593 INFO o.a.j.t.JMeterThread: Thread started: WebSocket Clients 1-4
2026-04-05 16:24:11,365 INFO o.a.j.t.JMeterThread: Thread started: WebSocket Clients 1-5
2026-04-05 16:24:11,753 INFO o.a.j.t.JMeterThread: Thread started: WebSocket Clients 1-6
2026-04-05 16:24:12,306 ERROR o.a.j.p.j.s.JSR223Sampler: Problem in JSR223 script Open WebSocket And Join Group, message: javax.script.ScriptException: org.codehaus.groovy.control.MultipleCompilationErrorsException: startup failed:
Script1.groovy: 2: unable to resolve class java.net.http.HttpClient
 @ line 2, column 1.
   import java.net.http.HttpClient
   ^

Script1.groovy: 3: unable to resolve class java.net.http.WebSocket
 @ line 3, column 1.
   import java.net.http.WebSocket
   ^

Script1.groovy: 23: unable to resolve class WebSocket.Listener
 @ line 23, column 16.
   def listener = [
                  ^

3 errors

javax.script.ScriptException: org.codehaus.groovy.control.MultipleCompilationErrorsException: startup failed:
Script1.groovy: 2: unable to resolve class java.net.http.HttpClient
 @ line 2, column 1.
   import java.net.http.HttpClient
   ^

Script1.groovy: 3: unable to resolve class java.net.http.WebSocket
 @ line 3, column 1.
   import java.net.http.WebSocket
   ^

Script1.groovy: 23: unable to resolve class WebSocket.Listener
 @ line 23, column 16.
   def listener = [
                  ^

3 errors

	at org.codehaus.groovy.jsr223.GroovyScriptEngineImpl.compile(GroovyScriptEngineImpl.java:183) ~[groovy-jsr223-3.0.20.jar:3.0.20]
	at org.apache.jmeter.util.JSR223TestElement.lambda$processFileOrScript$1(JSR223TestElement.java:225) ~[ApacheJMeter_core.jar:5.6.3]
	at com.github.benmanes.caffeine.cache.BoundedLocalCache.lambda$doComputeIfAbsent$14(BoundedLocalCache.java:2406) ~[caffeine-2.9.3.jar:?]
	at java.util.concurrent.ConcurrentHashMap.compute(Unknown Source) ~[?:1.8.0_421]
	at com.github.benmanes.caffeine.cache.BoundedLocalCache.doComputeIfAbsent(BoundedLocalCache.java:2404) ~[caffeine-2.9.3.jar:?]
	at com.github.benmanes.caffeine.cache.BoundedLocalCache.computeIfAbsent(BoundedLocalCache.java:2387) ~[caffeine-2.9.3.jar:?]
	at com.github.benmanes.caffeine.cache.LocalCache.computeIfAbsent(LocalCache.java:108) ~[caffeine-2.9.3.jar:?]
	at com.github.benmanes.caffeine.cache.LocalManualCache.get(LocalManualCache.java:62) ~[caffeine-2.9.3.jar:?]
	at org.apache.jmeter.util.JSR223TestElement.getCompiledScript(JSR223TestElement.java:252) ~[ApacheJMeter_core.jar:5.6.3]
	at org.apache.jmeter.util.JSR223TestElement.processFileOrScript(JSR223TestElement.java:223) ~[ApacheJMeter_core.jar:5.6.3]
	at org.apache.jmeter.protocol.java.sampler.JSR223Sampler.sample(JSR223Sampler.java:72) [ApacheJMeter_java.jar:5.6.3]
	at org.apache.jmeter.threads.JMeterThread.doSampling(JMeterThread.java:651) [ApacheJMeter_core.jar:5.6.3]
	at org.apache.jmeter.threads.JMeterThread.executeSamplePackage(JMeterThread.java:570) [ApacheJMeter_core.jar:5.6.3]
	at org.apache.jmeter.threads.JMeterThread.processSampler(JMeterThread.java:501) [ApacheJMeter_core.jar:5.6.3]
	at org.apache.jmeter.threads.JMeterThread.run(JMeterThread.java:268) [ApacheJMeter_core.jar:5.6.3]
	at java.lang.Thread.run(Unknown Source) [?:1.8.0_421]
	Suppressed: java.lang.IllegalStateException: Unable to compile script StringScriptCacheKey{contents='b48fa167062d4d3014c121ca6bd42b79'}
		at org.apache.jmeter.util.JSR223TestElement.getCompiledScript(JSR223TestElement.java:264) ~[ApacheJMeter_core.jar:5.6.3]
		at org.apache.jmeter.util.JSR223TestElement.processFileOrScript(JSR223TestElement.java:223) ~[ApacheJMeter_core.jar:5.6.3]
		at org.apache.jmeter.protocol.java.sampler.JSR223Sampler.sample(JSR223Sampler.java:72) [ApacheJMeter_java.jar:5.6.3]
		at org.apache.jmeter.threads.JMeterThread.doSampling(JMeterThread.java:651) [ApacheJMeter_core.jar:5.6.3]
		at org.apache.jmeter.threads.JMeterThread.executeSamplePackage(JMeterThread.java:570) [ApacheJMeter_core.jar:5.6.3]
		at org.apache.jmeter.threads.JMeterThread.processSampler(JMeterThread.java:501) [ApacheJMeter_core.jar:5.6.3]
		at org.apache.jmeter.threads.JMeterThread.run(JMeterThread.java:268) [ApacheJMeter_core.jar:5.6.3]
		at java.lang.Thread.run(Unknown Source) [?:1.8.0_421]
Caused by: org.codehaus.groovy.control.MultipleCompilationErrorsException: startup failed:
Script1.groovy: 2: unable to resolve class java.net.http.HttpClient
 @ line 2, column 1.
   import java.net.http.HttpClient
   ^

Script1.groovy: 3: unable to resolve class java.net.http.WebSocket
 @ line 3, column 1.
   import java.net.http.WebSocket
   ^

Script1.groovy: 23: unable to resolve class WebSocket.Listener
 @ line 23, column 16.
   def listener = [
                  ^

3 errors

	at org.codehaus.groovy.control.ErrorCollector.failIfErrors(ErrorCollector.java:292) ~[groovy-3.0.20.jar:3.0.20]
	at org.codehaus.groovy.control.CompilationUnit$ISourceUnitOperation.doPhaseOperation(CompilationUnit.java:915) ~[groovy-3.0.20.jar:3.0.20]
	at org.codehaus.groovy.control.CompilationUnit.compile(CompilationUnit.java:628) ~[groovy-3.0.20.jar:3.0.20]
	at groovy.lang.GroovyClassLoader.doParseClass(GroovyClassLoader.java:389) ~[groovy-3.0.20.jar:3.0.20]
	at groovy.lang.GroovyClassLoader.lambda$parseClass$3(GroovyClassLoader.java:332) ~[groovy-3.0.20.jar:3.0.20]
	at org.codehaus.groovy.runtime.memoize.StampedCommonCache.compute(StampedCommonCache.java:163) ~[groovy-3.0.20.jar:3.0.20]
	at org.codehaus.groovy.runtime.memoize.StampedCommonCache.getAndPut(StampedCommonCache.java:154) ~[groovy-3.0.20.jar:3.0.20]
	at groovy.lang.GroovyClassLoader.parseClass(GroovyClassLoader.java:330) ~[groovy-3.0.20.jar:3.0.20]
	at groovy.lang.GroovyClassLoader.parseClass(GroovyClassLoader.java:314) ~[groovy-3.0.20.jar:3.0.20]
	at groovy.lang.GroovyClassLoader.parseClass(GroovyClassLoader.java:257) ~[groovy-3.0.20.jar:3.0.20]
	at org.codehaus.groovy.jsr223.GroovyScriptEngineImpl.getScriptClass(GroovyScriptEngineImpl.java:336) ~[groovy-jsr223-3.0.20.jar:3.0.20]
	at org.codehaus.groovy.jsr223.GroovyScriptEngineImpl.compile(GroovyScriptEngineImpl.java:181) ~[groovy-jsr223-3.0.20.jar:3.0.20]
	... 15 more
2026-04-05 16:24:12,320 INFO o.a.j.t.JMeterThread: Thread is done: WebSocket Clients 1-2
2026-04-05 16:24:12,260 ERROR o.a.j.p.j.s.JSR223Sampler: Problem in JSR223 script Open WebSocket And Join Group, message: javax.script.ScriptException: org.codehaus.groovy.control.MultipleCompilationErrorsException: startup failed:
Script4.groovy: 2: unable to resolve class java.net.http.HttpClient
 @ line 2, column 1.
   import java.net.http.HttpClient
   ^

Script4.groovy: 3: unable to resolve class java.net.http.WebSocket
 @ line 3, column 1.
   import java.net.http.WebSocket
   ^

Script4.groovy: 23: unable to resolve class WebSocket.Listener
 @ line 23, column 16.
   def listener = [
                  ^

3 errors

javax.script.ScriptException: org.codehaus.groovy.control.MultipleCompilationErrorsException: startup failed:
Script4.groovy: 2: unable to resolve class java.net.http.HttpClient
 @ line 2, column 1.
   import java.net.http.HttpClient
   ^

Script4.groovy: 3: unable to resolve class java.net.http.WebSocket
 @ line 3, column 1.
   import java.net.http.WebSocket
   ^

Script4.groovy: 23: unable to resolve class WebSocket.Listener
 @ line 23, column 16.
   def listener = [
                  ^

3 errors

	at org.codehaus.groovy.jsr223.GroovyScriptEngineImpl.compile(GroovyScriptEngineImpl.java:183) ~[groovy-jsr223-3.0.20.jar:3.0.20]
	at org.apache.jmeter.util.JSR223TestElement.lambda$processFileOrScript$1(JSR223TestElement.java:225) ~[ApacheJMeter_core.jar:5.6.3]
	at com.github.benmanes.caffeine.cache.BoundedLocalCache.lambda$doComputeIfAbsent$14(BoundedLocalCache.java:2406) ~[caffeine-2.9.3.jar:?]
	at java.util.concurrent.ConcurrentHashMap.compute(Unknown Source) ~[?:1.8.0_421]
	at com.github.benmanes.caffeine.cache.BoundedLocalCache.doComputeIfAbsent(BoundedLocalCache.java:2404) ~[caffeine-2.9.3.jar:?]
	at com.github.benmanes.caffeine.cache.BoundedLocalCache.computeIfAbsent(BoundedLocalCache.java:2387) ~[caffeine-2.9.3.jar:?]
	at com.github.benmanes.caffeine.cache.LocalCache.computeIfAbsent(LocalCache.java:108) ~[caffeine-2.9.3.jar:?]
	at com.github.benmanes.caffeine.cache.LocalManualCache.get(LocalManualCache.java:62) ~[caffeine-2.9.3.jar:?]
	at org.apache.jmeter.util.JSR223TestElement.getCompiledScript(JSR223TestElement.java:252) ~[ApacheJMeter_core.jar:5.6.3]
	at org.apache.jmeter.util.JSR223TestElement.processFileOrScript(JSR223TestElement.java:223) ~[ApacheJMeter_core.jar:5.6.3]
	at org.apache.jmeter.protocol.java.sampler.JSR223Sampler.sample(JSR223Sampler.java:72) [ApacheJMeter_java.jar:5.6.3]
	at org.apache.jmeter.threads.JMeterThread.doSampling(JMeterThread.java:651) [ApacheJMeter_core.jar:5.6.3]
	at org.apache.jmeter.threads.JMeterThread.executeSamplePackage(JMeterThread.java:570) [ApacheJMeter_core.jar:5.6.3]
	at org.apache.jmeter.threads.JMeterThread.processSampler(JMeterThread.java:501) [ApacheJMeter_core.jar:5.6.3]
	at org.apache.jmeter.threads.JMeterThread.run(JMeterThread.java:268) [ApacheJMeter_core.jar:5.6.3]
	at java.lang.Thread.run(Unknown Source) [?:1.8.0_421]
	Suppressed: java.lang.IllegalStateException: Unable to compile script StringScriptCacheKey{contents='94494364b9cc0f5a7d25e055c59a18fd'}
		at org.apache.jmeter.util.JSR223TestElement.getCompiledScript(JSR223TestElement.java:264) ~[ApacheJMeter_core.jar:5.6.3]
		at org.apache.jmeter.util.JSR223TestElement.processFileOrScript(JSR223TestElement.java:223) ~[ApacheJMeter_core.jar:5.6.3]
		at org.apache.jmeter.protocol.java.sampler.JSR223Sampler.sample(JSR223Sampler.java:72) [ApacheJMeter_java.jar:5.6.3]
		at org.apache.jmeter.threads.JMeterThread.doSampling(JMeterThread.java:651) [ApacheJMeter_core.jar:5.6.3]
		at org.apache.jmeter.threads.JMeterThread.executeSamplePackage(JMeterThread.java:570) [ApacheJMeter_core.jar:5.6.3]
		at org.apache.jmeter.threads.JMeterThread.processSampler(JMeterThread.java:501) [ApacheJMeter_core.jar:5.6.3]
		at org.apache.jmeter.threads.JMeterThread.run(JMeterThread.java:268) [ApacheJMeter_core.jar:5.6.3]
		at java.lang.Thread.run(Unknown Source) [?:1.8.0_421]
Caused by: org.codehaus.groovy.control.MultipleCompilationErrorsException: startup failed:
Script4.groovy: 2: unable to resolve class java.net.http.HttpClient
 @ line 2, column 1.
   import java.net.http.HttpClient
   ^

Script4.groovy: 3: unable to resolve class java.net.http.WebSocket
 @ line 3, column 1.
   import java.net.http.WebSocket
   ^

Script4.groovy: 23: unable to resolve class WebSocket.Listener
 @ line 23, column 16.
   def listener = [
                  ^

3 errors

	at org.codehaus.groovy.control.ErrorCollector.failIfErrors(ErrorCollector.java:292) ~[groovy-3.0.20.jar:3.0.20]
	at org.codehaus.groovy.control.CompilationUnit$ISourceUnitOperation.doPhaseOperation(CompilationUnit.java:915) ~[groovy-3.0.20.jar:3.0.20]
	at org.codehaus.groovy.control.CompilationUnit.compile(CompilationUnit.java:628) ~[groovy-3.0.20.jar:3.0.20]
	at groovy.lang.GroovyClassLoader.doParseClass(GroovyClassLoader.java:389) ~[groovy-3.0.20.jar:3.0.20]
	at groovy.lang.GroovyClassLoader.lambda$parseClass$3(GroovyClassLoader.java:332) ~[groovy-3.0.20.jar:3.0.20]
	at org.codehaus.groovy.runtime.memoize.StampedCommonCache.compute(StampedCommonCache.java:163) ~[groovy-3.0.20.jar:3.0.20]
	at org.codehaus.groovy.runtime.memoize.StampedCommonCache.getAndPut(StampedCommonCache.java:154) ~[groovy-3.0.20.jar:3.0.20]
	at groovy.lang.GroovyClassLoader.parseClass(GroovyClassLoader.java:330) ~[groovy-3.0.20.jar:3.0.20]
	at groovy.lang.GroovyClassLoader.parseClass(GroovyClassLoader.java:314) ~[groovy-3.0.20.jar:3.0.20]
	at groovy.lang.GroovyClassLoader.parseClass(GroovyClassLoader.java:257) ~[groovy-3.0.20.jar:3.0.20]
	at org.codehaus.groovy.jsr223.GroovyScriptEngineImpl.getScriptClass(GroovyScriptEngineImpl.java:336) ~[groovy-jsr223-3.0.20.jar:3.0.20]
	at org.codehaus.groovy.jsr223.GroovyScriptEngineImpl.compile(GroovyScriptEngineImpl.java:181) ~[groovy-jsr223-3.0.20.jar:3.0.20]
	... 15 more
2026-04-05 16:24:12,322 INFO o.a.j.t.JMeterThread: Thread is done: WebSocket Clients 1-3
2026-04-05 16:24:12,322 INFO o.a.j.t.JMeterThread: Thread finished: WebSocket Clients 1-3
2026-04-05 16:24:12,327 INFO o.a.j.t.JMeterThread: Thread finished: WebSocket Clients 1-2
2026-04-05 16:24:12,330 INFO o.a.j.t.JMeterThread: Thread started: WebSocket Clients 1-7
2026-04-05 16:24:12,321 ERROR o.a.j.p.j.s.JSR223Sampler: Problem in JSR223 script Open WebSocket And Join Group, message: javax.script.ScriptException: org.codehaus.groovy.control.MultipleCompilationErrorsException: startup failed:
Script2.groovy: 2: unable to resolve class java.net.http.HttpClient
 @ line 2, column 1.
   import java.net.http.HttpClient
   ^

Script2.groovy: 3: unable to resolve class java.net.http.WebSocket
 @ line 3, column 1.
   import java.net.http.WebSocket
   ^

Script2.groovy: 23: unable to resolve class WebSocket.Listener
 @ line 23, column 16.
   def listener = [
                  ^

3 errors

javax.script.ScriptException: org.codehaus.groovy.control.MultipleCompilationErrorsException: startup failed:
Script2.groovy: 2: unable to resolve class java.net.http.HttpClient
 @ line 2, column 1.
   import java.net.http.HttpClient
   ^

Script2.groovy: 3: unable to resolve class java.net.http.WebSocket
 @ line 3, column 1.
   import java.net.http.WebSocket
   ^

Script2.groovy: 23: unable to resolve class WebSocket.Listener
 @ line 23, column 16.
   def listener = [
                  ^

3 errors

	at org.codehaus.groovy.jsr223.GroovyScriptEngineImpl.compile(GroovyScriptEngineImpl.java:183) ~[groovy-jsr223-3.0.20.jar:3.0.20]
	at org.apache.jmeter.util.JSR223TestElement.lambda$processFileOrScript$1(JSR223TestElement.java:225) ~[ApacheJMeter_core.jar:5.6.3]
	at com.github.benmanes.caffeine.cache.BoundedLocalCache.lambda$doComputeIfAbsent$14(BoundedLocalCache.java:2406) ~[caffeine-2.9.3.jar:?]
	at java.util.concurrent.ConcurrentHashMap.compute(Unknown Source) ~[?:1.8.0_421]
	at com.github.benmanes.caffeine.cache.BoundedLocalCache.doComputeIfAbsent(BoundedLocalCache.java:2404) ~[caffeine-2.9.3.jar:?]
	at com.github.benmanes.caffeine.cache.BoundedLocalCache.computeIfAbsent(BoundedLocalCache.java:2387) ~[caffeine-2.9.3.jar:?]
	at com.github.benmanes.caffeine.cache.LocalCache.computeIfAbsent(LocalCache.java:108) ~[caffeine-2.9.3.jar:?]
	at com.github.benmanes.caffeine.cache.LocalManualCache.get(LocalManualCache.java:62) ~[caffeine-2.9.3.jar:?]
	at org.apache.jmeter.util.JSR223TestElement.getCompiledScript(JSR223TestElement.java:252) ~[ApacheJMeter_core.jar:5.6.3]
	at org.apache.jmeter.util.JSR223TestElement.processFileOrScript(JSR223TestElement.java:223) ~[ApacheJMeter_core.jar:5.6.3]
	at org.apache.jmeter.protocol.java.sampler.JSR223Sampler.sample(JSR223Sampler.java:72) [ApacheJMeter_java.jar:5.6.3]
	at org.apache.jmeter.threads.JMeterThread.doSampling(JMeterThread.java:651) [ApacheJMeter_core.jar:5.6.3]
	at org.apache.jmeter.threads.JMeterThread.executeSamplePackage(JMeterThread.java:570) [ApacheJMeter_core.jar:5.6.3]
	at org.apache.jmeter.threads.JMeterThread.processSampler(JMeterThread.java:501) [ApacheJMeter_core.jar:5.6.3]
	at org.apache.jmeter.threads.JMeterThread.run(JMeterThread.java:268) [ApacheJMeter_core.jar:5.6.3]
	at java.lang.Thread.run(Unknown Source) [?:1.8.0_421]
	Suppressed: java.lang.IllegalStateException: Unable to compile script StringScriptCacheKey{contents='f347a4bd1a7a8923508519b5fdc67e8e'}
		at org.apache.jmeter.util.JSR223TestElement.getCompiledScript(JSR223TestElement.java:264) ~[ApacheJMeter_core.jar:5.6.3]
		at org.apache.jmeter.util.JSR223TestElement.processFileOrScript(JSR223TestElement.java:223) ~[ApacheJMeter_core.jar:5.6.3]
		at org.apache.jmeter.protocol.java.sampler.JSR223Sampler.sample(JSR223Sampler.java:72) [ApacheJMeter_java.jar:5.6.3]
		at org.apache.jmeter.threads.JMeterThread.doSampling(JMeterThread.java:651) [ApacheJMeter_core.jar:5.6.3]
		at org.apache.jmeter.threads.JMeterThread.executeSamplePackage(JMeterThread.java:570) [ApacheJMeter_core.jar:5.6.3]
		at org.apache.jmeter.threads.JMeterThread.processSampler(JMeterThread.java:501) [ApacheJMeter_core.jar:5.6.3]
		at org.apache.jmeter.threads.JMeterThread.run(JMeterThread.java:268) [ApacheJMeter_core.jar:5.6.3]
		at java.lang.Thread.run(Unknown Source) [?:1.8.0_421]
Caused by: org.codehaus.groovy.control.MultipleCompilationErrorsException: startup failed:
Script2.groovy: 2: unable to resolve class java.net.http.HttpClient
 @ line 2, column 1.
   import java.net.http.HttpClient
   ^

Script2.groovy: 3: unable to resolve class java.net.http.WebSocket
 @ line 3, column 1.
   import java.net.http.WebSocket
   ^

Script2.groovy: 23: unable to resolve class WebSocket.Listener
 @ line 23, column 16.
   def listener = [
                  ^

3 errors

	at org.codehaus.groovy.control.ErrorCollector.failIfErrors(ErrorCollector.java:292) ~[groovy-3.0.20.jar:3.0.20]
	at org.codehaus.groovy.control.CompilationUnit$ISourceUnitOperation.doPhaseOperation(CompilationUnit.java:915) ~[groovy-3.0.20.jar:3.0.20]
	at org.codehaus.groovy.control.CompilationUnit.compile(CompilationUnit.java:628) ~[groovy-3.0.20.jar:3.0.20]
	at groovy.lang.GroovyClassLoader.doParseClass(GroovyClassLoader.java:389) ~[groovy-3.0.20.jar:3.0.20]
	at groovy.lang.GroovyClassLoader.lambda$parseClass$3(GroovyClassLoader.java:332) ~[groovy-3.0.20.jar:3.0.20]
	at org.codehaus.groovy.runtime.memoize.StampedCommonCache.compute(StampedCommonCache.java:163) ~[groovy-3.0.20.jar:3.0.20]
	at org.codehaus.groovy.runtime.memoize.StampedCommonCache.getAndPut(StampedCommonCache.java:154) ~[groovy-3.0.20.jar:3.0.20]
	at groovy.lang.GroovyClassLoader.parseClass(GroovyClassLoader.java:330) ~[groovy-3.0.20.jar:3.0.20]
	at groovy.lang.GroovyClassLoader.parseClass(GroovyClassLoader.java:314) ~[groovy-3.0.20.jar:3.0.20]
	at groovy.lang.GroovyClassLoader.parseClass(GroovyClassLoader.java:257) ~[groovy-3.0.20.jar:3.0.20]
	at org.codehaus.groovy.jsr223.GroovyScriptEngineImpl.getScriptClass(GroovyScriptEngineImpl.java:336) ~[groovy-jsr223-3.0.20.jar:3.0.20]
	at org.codehaus.groovy.jsr223.GroovyScriptEngineImpl.compile(GroovyScriptEngineImpl.java:181) ~[groovy-jsr223-3.0.20.jar:3.0.20]
	... 15 more
2026-04-05 16:24:12,347 INFO o.a.j.t.JMeterThread: Thread is done: WebSocket Clients 1-1
2026-04-05 16:24:12,348 INFO o.a.j.t.JMeterThread: Thread finished: WebSocket Clients 1-1
2026-04-05 16:24:12,399 ERROR o.a.j.p.j.s.JSR223Sampler: Problem in JSR223 script Open WebSocket And Join Group, message: javax.script.ScriptException: org.codehaus.groovy.control.MultipleCompilationErrorsException: startup failed:
Script3.groovy: 2: unable to resolve class java.net.http.HttpClient
 @ line 2, column 1.
   import java.net.http.HttpClient
   ^

Script3.groovy: 3: unable to resolve class java.net.http.WebSocket
 @ line 3, column 1.
   import java.net.http.WebSocket
   ^

Script3.groovy: 23: unable to resolve class WebSocket.Listener
 @ line 23, column 16.
   def listener = [
                  ^

3 errors

javax.script.ScriptException: org.codehaus.groovy.control.MultipleCompilationErrorsException: startup failed:
Script3.groovy: 2: unable to resolve class java.net.http.HttpClient
 @ line 2, column 1.
   import java.net.http.HttpClient
   ^

Script3.groovy: 3: unable to resolve class java.net.http.WebSocket
 @ line 3, column 1.
   import java.net.http.WebSocket
   ^

Script3.groovy: 23: unable to resolve class WebSocket.Listener
 @ line 23, column 16.
   def listener = [
                  ^

3 errors

	at org.codehaus.groovy.jsr223.GroovyScriptEngineImpl.compile(GroovyScriptEngineImpl.java:183) ~[groovy-jsr223-3.0.20.jar:3.0.20]
	at org.apache.jmeter.util.JSR223TestElement.lambda$processFileOrScript$1(JSR223TestElement.java:225) ~[ApacheJMeter_core.jar:5.6.3]
	at com.github.benmanes.caffeine.cache.BoundedLocalCache.lambda$doComputeIfAbsent$14(BoundedLocalCache.java:2406) ~[caffeine-2.9.3.jar:?]
	at java.util.concurrent.ConcurrentHashMap.compute(Unknown Source) ~[?:1.8.0_421]
	at com.github.benmanes.caffeine.cache.BoundedLocalCache.doComputeIfAbsent(BoundedLocalCache.java:2404) ~[caffeine-2.9.3.jar:?]
	at com.github.benmanes.caffeine.cache.BoundedLocalCache.computeIfAbsent(BoundedLocalCache.java:2387) ~[caffeine-2.9.3.jar:?]
	at com.github.benmanes.caffeine.cache.LocalCache.computeIfAbsent(LocalCache.java:108) ~[caffeine-2.9.3.jar:?]
	at com.github.benmanes.caffeine.cache.LocalManualCache.get(LocalManualCache.java:62) ~[caffeine-2.9.3.jar:?]
	at org.apache.jmeter.util.JSR223TestElement.getCompiledScript(JSR223TestElement.java:252) ~[ApacheJMeter_core.jar:5.6.3]
	at org.apache.jmeter.util.JSR223TestElement.processFileOrScript(JSR223TestElement.java:223) ~[ApacheJMeter_core.jar:5.6.3]
	at org.apache.jmeter.protocol.java.sampler.JSR223Sampler.sample(JSR223Sampler.java:72) [ApacheJMeter_java.jar:5.6.3]
	at org.apache.jmeter.threads.JMeterThread.doSampling(JMeterThread.java:651) [ApacheJMeter_core.jar:5.6.3]
	at org.apache.jmeter.threads.JMeterThread.executeSamplePackage(JMeterThread.java:570) [ApacheJMeter_core.jar:5.6.3]
	at org.apache.jmeter.threads.JMeterThread.processSampler(JMeterThread.java:501) [ApacheJMeter_core.jar:5.6.3]
	at org.apache.jmeter.threads.JMeterThread.run(JMeterThread.java:268) [ApacheJMeter_core.jar:5.6.3]
	at java.lang.Thread.run(Unknown Source) [?:1.8.0_421]
	Suppressed: java.lang.IllegalStateException: Unable to compile script StringScriptCacheKey{contents='58cb05f406f4e88903124d684bc09a41'}
		at org.apache.jmeter.util.JSR223TestElement.getCompiledScript(JSR223TestElement.java:264) ~[ApacheJMeter_core.jar:5.6.3]
		at org.apache.jmeter.util.JSR223TestElement.processFileOrScript(JSR223TestElement.java:223) ~[ApacheJMeter_core.jar:5.6.3]
		at org.apache.jmeter.protocol.java.sampler.JSR223Sampler.sample(JSR223Sampler.java:72) [ApacheJMeter_java.jar:5.6.3]
		at org.apache.jmeter.threads.JMeterThread.doSampling(JMeterThread.java:651) [ApacheJMeter_core.jar:5.6.3]
		at org.apache.jmeter.threads.JMeterThread.executeSamplePackage(JMeterThread.java:570) [ApacheJMeter_core.jar:5.6.3]
		at org.apache.jmeter.threads.JMeterThread.processSampler(JMeterThread.java:501) [ApacheJMeter_core.jar:5.6.3]
		at org.apache.jmeter.threads.JMeterThread.run(JMeterThread.java:268) [ApacheJMeter_core.jar:5.6.3]
		at java.lang.Thread.run(Unknown Source) [?:1.8.0_421]
Caused by: org.codehaus.groovy.control.MultipleCompilationErrorsException: startup failed:
Script3.groovy: 2: unable to resolve class java.net.http.HttpClient
 @ line 2, column 1.
   import java.net.http.HttpClient
   ^

Script3.groovy: 3: unable to resolve class java.net.http.WebSocket
 @ line 3, column 1.
   import java.net.http.WebSocket
   ^

Script3.groovy: 23: unable to resolve class WebSocket.Listener
 @ line 23, column 16.
   def listener = [
                  ^

3 errors

	at org.codehaus.groovy.control.ErrorCollector.failIfErrors(ErrorCollector.java:292) ~[groovy-3.0.20.jar:3.0.20]
	at org.codehaus.groovy.control.CompilationUnit$ISourceUnitOperation.doPhaseOperation(CompilationUnit.java:915) ~[groovy-3.0.20.jar:3.0.20]
	at org.codehaus.groovy.control.CompilationUnit.compile(CompilationUnit.java:628) ~[groovy-3.0.20.jar:3.0.20]
	at groovy.lang.GroovyClassLoader.doParseClass(GroovyClassLoader.java:389) ~[groovy-3.0.20.jar:3.0.20]
	at groovy.lang.GroovyClassLoader.lambda$parseClass$3(GroovyClassLoader.java:332) ~[groovy-3.0.20.jar:3.0.20]
	at org.codehaus.groovy.runtime.memoize.StampedCommonCache.compute(StampedCommonCache.java:163) ~[groovy-3.0.20.jar:3.0.20]
	at org.codehaus.groovy.runtime.memoize.StampedCommonCache.getAndPut(StampedCommonCache.java:154) ~[groovy-3.0.20.jar:3.0.20]
	at groovy.lang.GroovyClassLoader.parseClass(GroovyClassLoader.java:330) ~[groovy-3.0.20.jar:3.0.20]
	at groovy.lang.GroovyClassLoader.parseClass(GroovyClassLoader.java:314) ~[groovy-3.0.20.jar:3.0.20]
	at groovy.lang.GroovyClassLoader.parseClass(GroovyClassLoader.java:257) ~[groovy-3.0.20.jar:3.0.20]
	at org.codehaus.groovy.jsr223.GroovyScriptEngineImpl.getScriptClass(GroovyScriptEngineImpl.java:336) ~[groovy-jsr223-3.0.20.jar:3.0.20]
	at org.codehaus.groovy.jsr223.GroovyScriptEngineImpl.compile(GroovyScriptEngineImpl.java:181) ~[groovy-jsr223-3.0.20.jar:3.0.20]
	... 15 more
2026-04-05 16:24:12,406 INFO o.a.j.t.JMeterThread: Thread is done: WebSocket Clients 1-4
2026-04-05 16:24:12,406 INFO o.a.j.t.JMeterThread: Thread finished: WebSocket Clients 1-4
2026-04-05 16:24:12,540 ERROR o.a.j.p.j.s.JSR223Sampler: Problem in JSR223 script Open WebSocket And Join Group, message: javax.script.ScriptException: org.codehaus.groovy.control.MultipleCompilationErrorsException: startup failed:
Script5.groovy: 2: unable to resolve class java.net.http.HttpClient
 @ line 2, column 1.
   import java.net.http.HttpClient
   ^

Script5.groovy: 3: unable to resolve class java.net.http.WebSocket
 @ line 3, column 1.
   import java.net.http.WebSocket
   ^

Script5.groovy: 23: unable to resolve class WebSocket.Listener
 @ line 23, column 16.
   def listener = [
                  ^

3 errors

javax.script.ScriptException: org.codehaus.groovy.control.MultipleCompilationErrorsException: startup failed:
Script5.groovy: 2: unable to resolve class java.net.http.HttpClient
 @ line 2, column 1.
   import java.net.http.HttpClient
   ^

Script5.groovy: 3: unable to resolve class java.net.http.WebSocket
 @ line 3, column 1.
   import java.net.http.WebSocket
   ^

Script5.groovy: 23: unable to resolve class WebSocket.Listener
 @ line 23, column 16.
   def listener = [
                  ^

3 errors

	at org.codehaus.groovy.jsr223.GroovyScriptEngineImpl.compile(GroovyScriptEngineImpl.java:183) ~[groovy-jsr223-3.0.20.jar:3.0.20]
	at org.apache.jmeter.util.JSR223TestElement.lambda$processFileOrScript$1(JSR223TestElement.java:225) ~[ApacheJMeter_core.jar:5.6.3]
	at com.github.benmanes.caffeine.cache.BoundedLocalCache.lambda$doComputeIfAbsent$14(BoundedLocalCache.java:2406) ~[caffeine-2.9.3.jar:?]
	at java.util.concurrent.ConcurrentHashMap.compute(Unknown Source) ~[?:1.8.0_421]
	at com.github.benmanes.caffeine.cache.BoundedLocalCache.doComputeIfAbsent(BoundedLocalCache.java:2404) ~[caffeine-2.9.3.jar:?]
	at com.github.benmanes.caffeine.cache.BoundedLocalCache.computeIfAbsent(BoundedLocalCache.java:2387) ~[caffeine-2.9.3.jar:?]
	at com.github.benmanes.caffeine.cache.LocalCache.computeIfAbsent(LocalCache.java:108) ~[caffeine-2.9.3.jar:?]
	at com.github.benmanes.caffeine.cache.LocalManualCache.get(LocalManualCache.java:62) ~[caffeine-2.9.3.jar:?]
	at org.apache.jmeter.util.JSR223TestElement.getCompiledScript(JSR223TestElement.java:252) ~[ApacheJMeter_core.jar:5.6.3]
	at org.apache.jmeter.util.JSR223TestElement.processFileOrScript(JSR223TestElement.java:223) ~[ApacheJMeter_core.jar:5.6.3]
	at org.apache.jmeter.protocol.java.sampler.JSR223Sampler.sample(JSR223Sampler.java:72) [ApacheJMeter_java.jar:5.6.3]
	at org.apache.jmeter.threads.JMeterThread.doSampling(JMeterThread.java:651) [ApacheJMeter_core.jar:5.6.3]
	at org.apache.jmeter.threads.JMeterThread.executeSamplePackage(JMeterThread.java:570) [ApacheJMeter_core.jar:5.6.3]
	at org.apache.jmeter.threads.JMeterThread.processSampler(JMeterThread.java:501) [ApacheJMeter_core.jar:5.6.3]
	at org.apache.jmeter.threads.JMeterThread.run(JMeterThread.java:268) [ApacheJMeter_core.jar:5.6.3]
	at java.lang.Thread.run(Unknown Source) [?:1.8.0_421]
	Suppressed: java.lang.IllegalStateException: Unable to compile script StringScriptCacheKey{contents='014c1f162c909a2f17e05d7bbc824e10'}
		at org.apache.jmeter.util.JSR223TestElement.getCompiledScript(JSR223TestElement.java:264) ~[ApacheJMeter_core.jar:5.6.3]
		at org.apache.jmeter.util.JSR223TestElement.processFileOrScript(JSR223TestElement.java:223) ~[ApacheJMeter_core.jar:5.6.3]
		at org.apache.jmeter.protocol.java.sampler.JSR223Sampler.sample(JSR223Sampler.java:72) [ApacheJMeter_java.jar:5.6.3]
		at org.apache.jmeter.threads.JMeterThread.doSampling(JMeterThread.java:651) [ApacheJMeter_core.jar:5.6.3]
		at org.apache.jmeter.threads.JMeterThread.executeSamplePackage(JMeterThread.java:570) [ApacheJMeter_core.jar:5.6.3]
		at org.apache.jmeter.threads.JMeterThread.processSampler(JMeterThread.java:501) [ApacheJMeter_core.jar:5.6.3]
		at org.apache.jmeter.threads.JMeterThread.run(JMeterThread.java:268) [ApacheJMeter_core.jar:5.6.3]
		at java.lang.Thread.run(Unknown Source) [?:1.8.0_421]
Caused by: org.codehaus.groovy.control.MultipleCompilationErrorsException: startup failed:
Script5.groovy: 2: unable to resolve class java.net.http.HttpClient
 @ line 2, column 1.
   import java.net.http.HttpClient
   ^

Script5.groovy: 3: unable to resolve class java.net.http.WebSocket
 @ line 3, column 1.
   import java.net.http.WebSocket
   ^

Script5.groovy: 23: unable to resolve class WebSocket.Listener
 @ line 23, column 16.
   def listener = [
                  ^

3 errors

	at org.codehaus.groovy.control.ErrorCollector.failIfErrors(ErrorCollector.java:292) ~[groovy-3.0.20.jar:3.0.20]
	at org.codehaus.groovy.control.CompilationUnit$ISourceUnitOperation.doPhaseOperation(CompilationUnit.java:915) ~[groovy-3.0.20.jar:3.0.20]
	at org.codehaus.groovy.control.CompilationUnit.compile(CompilationUnit.java:628) ~[groovy-3.0.20.jar:3.0.20]
	at groovy.lang.GroovyClassLoader.doParseClass(GroovyClassLoader.java:389) ~[groovy-3.0.20.jar:3.0.20]
	at groovy.lang.GroovyClassLoader.lambda$parseClass$3(GroovyClassLoader.java:332) ~[groovy-3.0.20.jar:3.0.20]
	at org.codehaus.groovy.runtime.memoize.StampedCommonCache.compute(StampedCommonCache.java:163) ~[groovy-3.0.20.jar:3.0.20]
	at org.codehaus.groovy.runtime.memoize.StampedCommonCache.getAndPut(StampedCommonCache.java:154) ~[groovy-3.0.20.jar:3.0.20]
	at groovy.lang.GroovyClassLoader.parseClass(GroovyClassLoader.java:330) ~[groovy-3.0.20.jar:3.0.20]
	at groovy.lang.GroovyClassLoader.parseClass(GroovyClassLoader.java:314) ~[groovy-3.0.20.jar:3.0.20]
	at groovy.lang.GroovyClassLoader.parseClass(GroovyClassLoader.java:257) ~[groovy-3.0.20.jar:3.0.20]
	at org.codehaus.groovy.jsr223.GroovyScriptEngineImpl.getScriptClass(GroovyScriptEngineImpl.java:336) ~[groovy-jsr223-3.0.20.jar:3.0.20]
	at org.codehaus.groovy.jsr223.GroovyScriptEngineImpl.compile(GroovyScriptEngineImpl.java:181) ~[groovy-jsr223-3.0.20.jar:3.0.20]
	... 15 more
2026-04-05 16:24:12,545 INFO o.a.j.t.JMeterThread: Thread is done: WebSocket Clients 1-6
2026-04-05 16:24:12,545 INFO o.a.j.t.JMeterThread: Thread finished: WebSocket Clients 1-6
2026-04-05 16:24:12,908 INFO o.a.j.t.JMeterThread: Thread started: WebSocket Clients 1-8
2026-04-05 16:24:13,221 ERROR o.a.j.p.j.s.JSR223Sampler: Problem in JSR223 script Open WebSocket And Join Group, message: javax.script.ScriptException: org.codehaus.groovy.control.MultipleCompilationErrorsException: startup failed:
Script6.groovy: 2: unable to resolve class java.net.http.HttpClient
 @ line 2, column 1.
   import java.net.http.HttpClient
   ^

Script6.groovy: 3: unable to resolve class java.net.http.WebSocket
 @ line 3, column 1.
   import java.net.http.WebSocket
   ^

Script6.groovy: 23: unable to resolve class WebSocket.Listener
 @ line 23, column 16.
   def listener = [
                  ^

3 errors

javax.script.ScriptException: org.codehaus.groovy.control.MultipleCompilationErrorsException: startup failed:
Script6.groovy: 2: unable to resolve class java.net.http.HttpClient
 @ line 2, column 1.
   import java.net.http.HttpClient
   ^

Script6.groovy: 3: unable to resolve class java.net.http.WebSocket
 @ line 3, column 1.
   import java.net.http.WebSocket
   ^

Script6.groovy: 23: unable to resolve class WebSocket.Listener
 @ line 23, column 16.
   def listener = [
                  ^

3 errors

	at org.codehaus.groovy.jsr223.GroovyScriptEngineImpl.compile(GroovyScriptEngineImpl.java:183) ~[groovy-jsr223-3.0.20.jar:3.0.20]
	at org.apache.jmeter.util.JSR223TestElement.lambda$processFileOrScript$1(JSR223TestElement.java:225) ~[ApacheJMeter_core.jar:5.6.3]
	at com.github.benmanes.caffeine.cache.BoundedLocalCache.lambda$doComputeIfAbsent$14(BoundedLocalCache.java:2406) ~[caffeine-2.9.3.jar:?]
	at java.util.concurrent.ConcurrentHashMap.compute(Unknown Source) ~[?:1.8.0_421]
	at com.github.benmanes.caffeine.cache.BoundedLocalCache.doComputeIfAbsent(BoundedLocalCache.java:2404) ~[caffeine-2.9.3.jar:?]
	at com.github.benmanes.caffeine.cache.BoundedLocalCache.computeIfAbsent(BoundedLocalCache.java:2387) ~[caffeine-2.9.3.jar:?]
	at com.github.benmanes.caffeine.cache.LocalCache.computeIfAbsent(LocalCache.java:108) ~[caffeine-2.9.3.jar:?]
	at com.github.benmanes.caffeine.cache.LocalManualCache.get(LocalManualCache.java:62) ~[caffeine-2.9.3.jar:?]
	at org.apache.jmeter.util.JSR223TestElement.getCompiledScript(JSR223TestElement.java:252) ~[ApacheJMeter_core.jar:5.6.3]
	at org.apache.jmeter.util.JSR223TestElement.processFileOrScript(JSR223TestElement.java:223) ~[ApacheJMeter_core.jar:5.6.3]
	at org.apache.jmeter.protocol.java.sampler.JSR223Sampler.sample(JSR223Sampler.java:72) [ApacheJMeter_java.jar:5.6.3]
	at org.apache.jmeter.threads.JMeterThread.doSampling(JMeterThread.java:651) [ApacheJMeter_core.jar:5.6.3]
	at org.apache.jmeter.threads.JMeterThread.executeSamplePackage(JMeterThread.java:570) [ApacheJMeter_core.jar:5.6.3]
	at org.apache.jmeter.threads.JMeterThread.processSampler(JMeterThread.java:501) [ApacheJMeter_core.jar:5.6.3]
	at org.apache.jmeter.threads.JMeterThread.run(JMeterThread.java:268) [ApacheJMeter_core.jar:5.6.3]
	at java.lang.Thread.run(Unknown Source) [?:1.8.0_421]
	Suppressed: java.lang.IllegalStateException: Unable to compile script StringScriptCacheKey{contents='56b10ee4caf2b4ea0db4edfb2f5fe09d'}
		at org.apache.jmeter.util.JSR223TestElement.getCompiledScript(JSR223TestElement.java:264) ~[ApacheJMeter_core.jar:5.6.3]
		at org.apache.jmeter.util.JSR223TestElement.processFileOrScript(JSR223TestElement.java:223) ~[ApacheJMeter_core.jar:5.6.3]
		at org.apache.jmeter.protocol.java.sampler.JSR223Sampler.sample(JSR223Sampler.java:72) [ApacheJMeter_java.jar:5.6.3]
		at org.apache.jmeter.threads.JMeterThread.doSampling(JMeterThread.java:651) [ApacheJMeter_core.jar:5.6.3]
		at org.apache.jmeter.threads.JMeterThread.executeSamplePackage(JMeterThread.java:570) [ApacheJMeter_core.jar:5.6.3]
		at org.apache.jmeter.threads.JMeterThread.processSampler(JMeterThread.java:501) [ApacheJMeter_core.jar:5.6.3]
		at org.apache.jmeter.threads.JMeterThread.run(JMeterThread.java:268) [ApacheJMeter_core.jar:5.6.3]
		at java.lang.Thread.run(Unknown Source) [?:1.8.0_421]
Caused by: org.codehaus.groovy.control.MultipleCompilationErrorsException: startup failed:
Script6.groovy: 2: unable to resolve class java.net.http.HttpClient
 @ line 2, column 1.
   import java.net.http.HttpClient
   ^

Script6.groovy: 3: unable to resolve class java.net.http.WebSocket
 @ line 3, column 1.
   import java.net.http.WebSocket
   ^

Script6.groovy: 23: unable to resolve class WebSocket.Listener
 @ line 23, column 16.
   def listener = [
                  ^

3 errors

	at org.codehaus.groovy.control.ErrorCollector.failIfErrors(ErrorCollector.java:292) ~[groovy-3.0.20.jar:3.0.20]
	at org.codehaus.groovy.control.CompilationUnit$ISourceUnitOperation.doPhaseOperation(CompilationUnit.java:915) ~[groovy-3.0.20.jar:3.0.20]
	at org.codehaus.groovy.control.CompilationUnit.compile(CompilationUnit.java:628) ~[groovy-3.0.20.jar:3.0.20]
	at groovy.lang.GroovyClassLoader.doParseClass(GroovyClassLoader.java:389) ~[groovy-3.0.20.jar:3.0.20]
	at groovy.lang.GroovyClassLoader.lambda$parseClass$3(GroovyClassLoader.java:332) ~[groovy-3.0.20.jar:3.0.20]
	at org.codehaus.groovy.runtime.memoize.StampedCommonCache.compute(StampedCommonCache.java:163) ~[groovy-3.0.20.jar:3.0.20]
	at org.codehaus.groovy.runtime.memoize.StampedCommonCache.getAndPut(StampedCommonCache.java:154) ~[groovy-3.0.20.jar:3.0.20]
	at groovy.lang.GroovyClassLoader.parseClass(GroovyClassLoader.java:330) ~[groovy-3.0.20.jar:3.0.20]
	at groovy.lang.GroovyClassLoader.parseClass(GroovyClassLoader.java:314) ~[groovy-3.0.20.jar:3.0.20]
	at groovy.lang.GroovyClassLoader.parseClass(GroovyClassLoader.java:257) ~[groovy-3.0.20.jar:3.0.20]
	at org.codehaus.groovy.jsr223.GroovyScriptEngineImpl.getScriptClass(GroovyScriptEngineImpl.java:336) ~[groovy-jsr223-3.0.20.jar:3.0.20]
	at org.codehaus.groovy.jsr223.GroovyScriptEngineImpl.compile(GroovyScriptEngineImpl.java:181) ~[groovy-jsr223-3.0.20.jar:3.0.20]
	... 15 more
2026-04-05 16:24:13,223 INFO o.a.j.t.JMeterThread: Thread is done: WebSocket Clients 1-5
2026-04-05 16:24:13,224 INFO o.a.j.t.JMeterThread: Thread finished: WebSocket Clients 1-5
2026-04-05 16:24:13,507 INFO o.a.j.t.JMeterThread: Thread started: WebSocket Clients 1-9
2026-04-05 16:24:13,547 ERROR o.a.j.p.j.s.JSR223Sampler: Problem in JSR223 script Open WebSocket And Join Group, message: javax.script.ScriptException: org.codehaus.groovy.control.MultipleCompilationErrorsException: startup failed:
Script7.groovy: 2: unable to resolve class java.net.http.HttpClient
 @ line 2, column 1.
   import java.net.http.HttpClient
   ^

Script7.groovy: 3: unable to resolve class java.net.http.WebSocket
 @ line 3, column 1.
   import java.net.http.WebSocket
   ^

Script7.groovy: 23: unable to resolve class WebSocket.Listener
 @ line 23, column 16.
   def listener = [
                  ^

3 errors

javax.script.ScriptException: org.codehaus.groovy.control.MultipleCompilationErrorsException: startup failed:
Script7.groovy: 2: unable to resolve class java.net.http.HttpClient
 @ line 2, column 1.
   import java.net.http.HttpClient
   ^

Script7.groovy: 3: unable to resolve class java.net.http.WebSocket
 @ line 3, column 1.
   import java.net.http.WebSocket
   ^

Script7.groovy: 23: unable to resolve class WebSocket.Listener
 @ line 23, column 16.
   def listener = [
                  ^

3 errors

	at org.codehaus.groovy.jsr223.GroovyScriptEngineImpl.compile(GroovyScriptEngineImpl.java:183) ~[groovy-jsr223-3.0.20.jar:3.0.20]
	at org.apache.jmeter.util.JSR223TestElement.lambda$processFileOrScript$1(JSR223TestElement.java:225) ~[ApacheJMeter_core.jar:5.6.3]
	at com.github.benmanes.caffeine.cache.BoundedLocalCache.lambda$doComputeIfAbsent$14(BoundedLocalCache.java:2406) ~[caffeine-2.9.3.jar:?]
	at java.util.concurrent.ConcurrentHashMap.compute(Unknown Source) ~[?:1.8.0_421]
	at com.github.benmanes.caffeine.cache.BoundedLocalCache.doComputeIfAbsent(BoundedLocalCache.java:2404) ~[caffeine-2.9.3.jar:?]
	at com.github.benmanes.caffeine.cache.BoundedLocalCache.computeIfAbsent(BoundedLocalCache.java:2387) ~[caffeine-2.9.3.jar:?]
	at com.github.benmanes.caffeine.cache.LocalCache.computeIfAbsent(LocalCache.java:108) ~[caffeine-2.9.3.jar:?]
	at com.github.benmanes.caffeine.cache.LocalManualCache.get(LocalManualCache.java:62) ~[caffeine-2.9.3.jar:?]
	at org.apache.jmeter.util.JSR223TestElement.getCompiledScript(JSR223TestElement.java:252) ~[ApacheJMeter_core.jar:5.6.3]
	at org.apache.jmeter.util.JSR223TestElement.processFileOrScript(JSR223TestElement.java:223) ~[ApacheJMeter_core.jar:5.6.3]
	at org.apache.jmeter.protocol.java.sampler.JSR223Sampler.sample(JSR223Sampler.java:72) [ApacheJMeter_java.jar:5.6.3]
	at org.apache.jmeter.threads.JMeterThread.doSampling(JMeterThread.java:651) [ApacheJMeter_core.jar:5.6.3]
	at org.apache.jmeter.threads.JMeterThread.executeSamplePackage(JMeterThread.java:570) [ApacheJMeter_core.jar:5.6.3]
	at org.apache.jmeter.threads.JMeterThread.processSampler(JMeterThread.java:501) [ApacheJMeter_core.jar:5.6.3]
	at org.apache.jmeter.threads.JMeterThread.run(JMeterThread.java:268) [ApacheJMeter_core.jar:5.6.3]
	at java.lang.Thread.run(Unknown Source) [?:1.8.0_421]
	Suppressed: java.lang.IllegalStateException: Unable to compile script StringScriptCacheKey{contents='b48fa167062d4d3014c121ca6bd42b79'}
		at org.apache.jmeter.util.JSR223TestElement.getCompiledScript(JSR223TestElement.java:264) ~[ApacheJMeter_core.jar:5.6.3]
		at org.apache.jmeter.util.JSR223TestElement.processFileOrScript(JSR223TestElement.java:223) ~[ApacheJMeter_core.jar:5.6.3]
		at org.apache.jmeter.protocol.java.sampler.JSR223Sampler.sample(JSR223Sampler.java:72) [ApacheJMeter_java.jar:5.6.3]
		at org.apache.jmeter.threads.JMeterThread.doSampling(JMeterThread.java:651) [ApacheJMeter_core.jar:5.6.3]
		at org.apache.jmeter.threads.JMeterThread.executeSamplePackage(JMeterThread.java:570) [ApacheJMeter_core.jar:5.6.3]
		at org.apache.jmeter.threads.JMeterThread.processSampler(JMeterThread.java:501) [ApacheJMeter_core.jar:5.6.3]
		at org.apache.jmeter.threads.JMeterThread.run(JMeterThread.java:268) [ApacheJMeter_core.jar:5.6.3]
		at java.lang.Thread.run(Unknown Source) [?:1.8.0_421]
Caused by: org.codehaus.groovy.control.MultipleCompilationErrorsException: startup failed:
Script7.groovy: 2: unable to resolve class java.net.http.HttpClient
 @ line 2, column 1.
   import java.net.http.HttpClient
   ^

Script7.groovy: 3: unable to resolve class java.net.http.WebSocket
 @ line 3, column 1.
   import java.net.http.WebSocket
   ^

Script7.groovy: 23: unable to resolve class WebSocket.Listener
 @ line 23, column 16.
   def listener = [
                  ^

3 errors

	at org.codehaus.groovy.control.ErrorCollector.failIfErrors(ErrorCollector.java:292) ~[groovy-3.0.20.jar:3.0.20]
	at org.codehaus.groovy.control.CompilationUnit$ISourceUnitOperation.doPhaseOperation(CompilationUnit.java:915) ~[groovy-3.0.20.jar:3.0.20]
	at org.codehaus.groovy.control.CompilationUnit.compile(CompilationUnit.java:628) ~[groovy-3.0.20.jar:3.0.20]
	at groovy.lang.GroovyClassLoader.doParseClass(GroovyClassLoader.java:389) ~[groovy-3.0.20.jar:3.0.20]
	at groovy.lang.GroovyClassLoader.lambda$parseClass$3(GroovyClassLoader.java:332) ~[groovy-3.0.20.jar:3.0.20]
	at org.codehaus.groovy.runtime.memoize.StampedCommonCache.compute(StampedCommonCache.java:163) ~[groovy-3.0.20.jar:3.0.20]
	at org.codehaus.groovy.runtime.memoize.StampedCommonCache.getAndPut(StampedCommonCache.java:154) ~[groovy-3.0.20.jar:3.0.20]
	at groovy.lang.GroovyClassLoader.parseClass(GroovyClassLoader.java:330) ~[groovy-3.0.20.jar:3.0.20]
	at groovy.lang.GroovyClassLoader.parseClass(GroovyClassLoader.java:314) ~[groovy-3.0.20.jar:3.0.20]
	at groovy.lang.GroovyClassLoader.parseClass(GroovyClassLoader.java:257) ~[groovy-3.0.20.jar:3.0.20]
	at org.codehaus.groovy.jsr223.GroovyScriptEngineImpl.getScriptClass(GroovyScriptEngineImpl.java:336) ~[groovy-jsr223-3.0.20.jar:3.0.20]
	at org.codehaus.groovy.jsr223.GroovyScriptEngineImpl.compile(GroovyScriptEngineImpl.java:181) ~[groovy-jsr223-3.0.20.jar:3.0.20]
	... 15 more
2026-04-05 16:24:13,551 INFO o.a.j.t.JMeterThread: Thread is done: WebSocket Clients 1-8
2026-04-05 16:24:13,551 INFO o.a.j.t.JMeterThread: Thread finished: WebSocket Clients 1-8
2026-04-05 16:24:13,908 ERROR o.a.j.p.j.s.JSR223Sampler: Problem in JSR223 script Open WebSocket And Join Group, message: javax.script.ScriptException: org.codehaus.groovy.control.MultipleCompilationErrorsException: startup failed:
Script8.groovy: 2: unable to resolve class java.net.http.HttpClient
 @ line 2, column 1.
   import java.net.http.HttpClient
   ^

Script8.groovy: 3: unable to resolve class java.net.http.WebSocket
 @ line 3, column 1.
   import java.net.http.WebSocket
   ^

Script8.groovy: 23: unable to resolve class WebSocket.Listener
 @ line 23, column 16.
   def listener = [
                  ^

3 errors

javax.script.ScriptException: org.codehaus.groovy.control.MultipleCompilationErrorsException: startup failed:
Script8.groovy: 2: unable to resolve class java.net.http.HttpClient
 @ line 2, column 1.
   import java.net.http.HttpClient
   ^

Script8.groovy: 3: unable to resolve class java.net.http.WebSocket
 @ line 3, column 1.
   import java.net.http.WebSocket
   ^

Script8.groovy: 23: unable to resolve class WebSocket.Listener
 @ line 23, column 16.
   def listener = [
                  ^

3 errors

	at org.codehaus.groovy.jsr223.GroovyScriptEngineImpl.compile(GroovyScriptEngineImpl.java:183) ~[groovy-jsr223-3.0.20.jar:3.0.20]
	at org.apache.jmeter.util.JSR223TestElement.lambda$processFileOrScript$1(JSR223TestElement.java:225) ~[ApacheJMeter_core.jar:5.6.3]
	at com.github.benmanes.caffeine.cache.BoundedLocalCache.lambda$doComputeIfAbsent$14(BoundedLocalCache.java:2406) ~[caffeine-2.9.3.jar:?]
	at java.util.concurrent.ConcurrentHashMap.compute(Unknown Source) ~[?:1.8.0_421]
	at com.github.benmanes.caffeine.cache.BoundedLocalCache.doComputeIfAbsent(BoundedLocalCache.java:2404) ~[caffeine-2.9.3.jar:?]
	at com.github.benmanes.caffeine.cache.BoundedLocalCache.computeIfAbsent(BoundedLocalCache.java:2387) ~[caffeine-2.9.3.jar:?]
	at com.github.benmanes.caffeine.cache.LocalCache.computeIfAbsent(LocalCache.java:108) ~[caffeine-2.9.3.jar:?]
	at com.github.benmanes.caffeine.cache.LocalManualCache.get(LocalManualCache.java:62) ~[caffeine-2.9.3.jar:?]
	at org.apache.jmeter.util.JSR223TestElement.getCompiledScript(JSR223TestElement.java:252) ~[ApacheJMeter_core.jar:5.6.3]
	at org.apache.jmeter.util.JSR223TestElement.processFileOrScript(JSR223TestElement.java:223) ~[ApacheJMeter_core.jar:5.6.3]
	at org.apache.jmeter.protocol.java.sampler.JSR223Sampler.sample(JSR223Sampler.java:72) [ApacheJMeter_java.jar:5.6.3]
	at org.apache.jmeter.threads.JMeterThread.doSampling(JMeterThread.java:651) [ApacheJMeter_core.jar:5.6.3]
	at org.apache.jmeter.threads.JMeterThread.executeSamplePackage(JMeterThread.java:570) [ApacheJMeter_core.jar:5.6.3]
	at org.apache.jmeter.threads.JMeterThread.processSampler(JMeterThread.java:501) [ApacheJMeter_core.jar:5.6.3]
	at org.apache.jmeter.threads.JMeterThread.run(JMeterThread.java:268) [ApacheJMeter_core.jar:5.6.3]
	at java.lang.Thread.run(Unknown Source) [?:1.8.0_421]
	Suppressed: java.lang.IllegalStateException: Unable to compile script StringScriptCacheKey{contents='5eb6772dfba7cad2874474eabe723b1e'}
		at org.apache.jmeter.util.JSR223TestElement.getCompiledScript(JSR223TestElement.java:264) ~[ApacheJMeter_core.jar:5.6.3]
		at org.apache.jmeter.util.JSR223TestElement.processFileOrScript(JSR223TestElement.java:223) ~[ApacheJMeter_core.jar:5.6.3]
		at org.apache.jmeter.protocol.java.sampler.JSR223Sampler.sample(JSR223Sampler.java:72) [ApacheJMeter_java.jar:5.6.3]
		at org.apache.jmeter.threads.JMeterThread.doSampling(JMeterThread.java:651) [ApacheJMeter_core.jar:5.6.3]
		at org.apache.jmeter.threads.JMeterThread.executeSamplePackage(JMeterThread.java:570) [ApacheJMeter_core.jar:5.6.3]
		at org.apache.jmeter.threads.JMeterThread.processSampler(JMeterThread.java:501) [ApacheJMeter_core.jar:5.6.3]
		at org.apache.jmeter.threads.JMeterThread.run(JMeterThread.java:268) [ApacheJMeter_core.jar:5.6.3]
		at java.lang.Thread.run(Unknown Source) [?:1.8.0_421]
Caused by: org.codehaus.groovy.control.MultipleCompilationErrorsException: startup failed:
Script8.groovy: 2: unable to resolve class java.net.http.HttpClient
 @ line 2, column 1.
   import java.net.http.HttpClient
   ^

Script8.groovy: 3: unable to resolve class java.net.http.WebSocket
 @ line 3, column 1.
   import java.net.http.WebSocket
   ^

Script8.groovy: 23: unable to resolve class WebSocket.Listener
 @ line 23, column 16.
   def listener = [
                  ^

3 errors

	at org.codehaus.groovy.control.ErrorCollector.failIfErrors(ErrorCollector.java:292) ~[groovy-3.0.20.jar:3.0.20]
	at org.codehaus.groovy.control.CompilationUnit$ISourceUnitOperation.doPhaseOperation(CompilationUnit.java:915) ~[groovy-3.0.20.jar:3.0.20]
	at org.codehaus.groovy.control.CompilationUnit.compile(CompilationUnit.java:628) ~[groovy-3.0.20.jar:3.0.20]
	at groovy.lang.GroovyClassLoader.doParseClass(GroovyClassLoader.java:389) ~[groovy-3.0.20.jar:3.0.20]
	at groovy.lang.GroovyClassLoader.lambda$parseClass$3(GroovyClassLoader.java:332) ~[groovy-3.0.20.jar:3.0.20]
	at org.codehaus.groovy.runtime.memoize.StampedCommonCache.compute(StampedCommonCache.java:163) ~[groovy-3.0.20.jar:3.0.20]
	at org.codehaus.groovy.runtime.memoize.StampedCommonCache.getAndPut(StampedCommonCache.java:154) ~[groovy-3.0.20.jar:3.0.20]
	at groovy.lang.GroovyClassLoader.parseClass(GroovyClassLoader.java:330) ~[groovy-3.0.20.jar:3.0.20]
	at groovy.lang.GroovyClassLoader.parseClass(GroovyClassLoader.java:314) ~[groovy-3.0.20.jar:3.0.20]
	at groovy.lang.GroovyClassLoader.parseClass(GroovyClassLoader.java:257) ~[groovy-3.0.20.jar:3.0.20]
	at org.codehaus.groovy.jsr223.GroovyScriptEngineImpl.getScriptClass(GroovyScriptEngineImpl.java:336) ~[groovy-jsr223-3.0.20.jar:3.0.20]
	at org.codehaus.groovy.jsr223.GroovyScriptEngineImpl.compile(GroovyScriptEngineImpl.java:181) ~[groovy-jsr223-3.0.20.jar:3.0.20]
	... 15 more
2026-04-05 16:24:13,915 INFO o.a.j.t.JMeterThread: Thread is done: WebSocket Clients 1-7
2026-04-05 16:24:13,916 INFO o.a.j.t.JMeterThread: Thread finished: WebSocket Clients 1-7
2026-04-05 16:24:14,075 INFO o.a.j.t.JMeterThread: Thread started: WebSocket Clients 1-10
2026-04-05 16:24:14,621 INFO o.a.j.t.JMeterThread: Thread started: WebSocket Clients 1-11
2026-04-05 16:24:14,662 ERROR o.a.j.p.j.s.JSR223Sampler: Problem in JSR223 script Open WebSocket And Join Group, message: javax.script.ScriptException: org.codehaus.groovy.control.MultipleCompilationErrorsException: startup failed:
Script9.groovy: 2: unable to resolve class java.net.http.HttpClient
 @ line 2, column 1.
   import java.net.http.HttpClient
   ^

Script9.groovy: 3: unable to resolve class java.net.http.WebSocket
 @ line 3, column 1.
   import java.net.http.WebSocket
   ^

Script9.groovy: 23: unable to resolve class WebSocket.Listener
 @ line 23, column 16.
   def listener = [
                  ^

3 errors

javax.script.ScriptException: org.codehaus.groovy.control.MultipleCompilationErrorsException: startup failed:
Script9.groovy: 2: unable to resolve class java.net.http.HttpClient
 @ line 2, column 1.
   import java.net.http.HttpClient
   ^

Script9.groovy: 3: unable to resolve class java.net.http.WebSocket
 @ line 3, column 1.
   import java.net.http.WebSocket
   ^

Script9.groovy: 23: unable to resolve class WebSocket.Listener
 @ line 23, column 16.
   def listener = [
                  ^

3 errors

	at org.codehaus.groovy.jsr223.GroovyScriptEngineImpl.compile(GroovyScriptEngineImpl.java:183) ~[groovy-jsr223-3.0.20.jar:3.0.20]
	at org.apache.jmeter.util.JSR223TestElement.lambda$processFileOrScript$1(JSR223TestElement.java:225) ~[ApacheJMeter_core.jar:5.6.3]
	at com.github.benmanes.caffeine.cache.BoundedLocalCache.lambda$doComputeIfAbsent$14(BoundedLocalCache.java:2406) ~[caffeine-2.9.3.jar:?]
	at java.util.concurrent.ConcurrentHashMap.compute(Unknown Source) ~[?:1.8.0_421]
	at com.github.benmanes.caffeine.cache.BoundedLocalCache.doComputeIfAbsent(BoundedLocalCache.java:2404) ~[caffeine-2.9.3.jar:?]
	at com.github.benmanes.caffeine.cache.BoundedLocalCache.computeIfAbsent(BoundedLocalCache.java:2387) ~[caffeine-2.9.3.jar:?]
	at com.github.benmanes.caffeine.cache.LocalCache.computeIfAbsent(LocalCache.java:108) ~[caffeine-2.9.3.jar:?]
	at com.github.benmanes.caffeine.cache.LocalManualCache.get(LocalManualCache.java:62) ~[caffeine-2.9.3.jar:?]
	at org.apache.jmeter.util.JSR223TestElement.getCompiledScript(JSR223TestElement.java:252) ~[ApacheJMeter_core.jar:5.6.3]
	at org.apache.jmeter.util.JSR223TestElement.processFileOrScript(JSR223TestElement.java:223) ~[ApacheJMeter_core.jar:5.6.3]
	at org.apache.jmeter.protocol.java.sampler.JSR223Sampler.sample(JSR223Sampler.java:72) [ApacheJMeter_java.jar:5.6.3]
	at org.apache.jmeter.threads.JMeterThread.doSampling(JMeterThread.java:651) [ApacheJMeter_core.jar:5.6.3]
	at org.apache.jmeter.threads.JMeterThread.executeSamplePackage(JMeterThread.java:570) [ApacheJMeter_core.jar:5.6.3]
	at org.apache.jmeter.threads.JMeterThread.processSampler(JMeterThread.java:501) [ApacheJMeter_core.jar:5.6.3]
	at org.apache.jmeter.threads.JMeterThread.run(JMeterThread.java:268) [ApacheJMeter_core.jar:5.6.3]
	at java.lang.Thread.run(Unknown Source) [?:1.8.0_421]
	Suppressed: java.lang.IllegalStateException: Unable to compile script StringScriptCacheKey{contents='58cb05f406f4e88903124d684bc09a41'}
		at org.apache.jmeter.util.JSR223TestElement.getCompiledScript(JSR223TestElement.java:264) ~[ApacheJMeter_core.jar:5.6.3]
		at org.apache.jmeter.util.JSR223TestElement.processFileOrScript(JSR223TestElement.java:223) ~[ApacheJMeter_core.jar:5.6.3]
		at org.apache.jmeter.protocol.java.sampler.JSR223Sampler.sample(JSR223Sampler.java:72) [ApacheJMeter_java.jar:5.6.3]
		at org.apache.jmeter.threads.JMeterThread.doSampling(JMeterThread.java:651) [ApacheJMeter_core.jar:5.6.3]
		at org.apache.jmeter.threads.JMeterThread.executeSamplePackage(JMeterThread.java:570) [ApacheJMeter_core.jar:5.6.3]
		at org.apache.jmeter.threads.JMeterThread.processSampler(JMeterThread.java:501) [ApacheJMeter_core.jar:5.6.3]
		at org.apache.jmeter.threads.JMeterThread.run(JMeterThread.java:268) [ApacheJMeter_core.jar:5.6.3]
		at java.lang.Thread.run(Unknown Source) [?:1.8.0_421]
Caused by: org.codehaus.groovy.control.MultipleCompilationErrorsException: startup failed:
Script9.groovy: 2: unable to resolve class java.net.http.HttpClient
 @ line 2, column 1.
   import java.net.http.HttpClient
   ^

Script9.groovy: 3: unable to resolve class java.net.http.WebSocket
 @ line 3, column 1.
   import java.net.http.WebSocket
   ^

Script9.groovy: 23: unable to resolve class WebSocket.Listener
 @ line 23, column 16.
   def listener = [
                  ^

3 errors

	at org.codehaus.groovy.control.ErrorCollector.failIfErrors(ErrorCollector.java:292) ~[groovy-3.0.20.jar:3.0.20]
	at org.codehaus.groovy.control.CompilationUnit$ISourceUnitOperation.doPhaseOperation(CompilationUnit.java:915) ~[groovy-3.0.20.jar:3.0.20]
	at org.codehaus.groovy.control.CompilationUnit.compile(CompilationUnit.java:628) ~[groovy-3.0.20.jar:3.0.20]
	at groovy.lang.GroovyClassLoader.doParseClass(GroovyClassLoader.java:389) ~[groovy-3.0.20.jar:3.0.20]
	at groovy.lang.GroovyClassLoader.lambda$parseClass$3(GroovyClassLoader.java:332) ~[groovy-3.0.20.jar:3.0.20]
	at org.codehaus.groovy.runtime.memoize.StampedCommonCache.compute(StampedCommonCache.java:163) ~[groovy-3.0.20.jar:3.0.20]
	at org.codehaus.groovy.runtime.memoize.StampedCommonCache.getAndPut(StampedCommonCache.java:154) ~[groovy-3.0.20.jar:3.0.20]
	at groovy.lang.GroovyClassLoader.parseClass(GroovyClassLoader.java:330) ~[groovy-3.0.20.jar:3.0.20]
	at groovy.lang.GroovyClassLoader.parseClass(GroovyClassLoader.java:314) ~[groovy-3.0.20.jar:3.0.20]
	at groovy.lang.GroovyClassLoader.parseClass(GroovyClassLoader.java:257) ~[groovy-3.0.20.jar:3.0.20]
	at org.codehaus.groovy.jsr223.GroovyScriptEngineImpl.getScriptClass(GroovyScriptEngineImpl.java:336) ~[groovy-jsr223-3.0.20.jar:3.0.20]
	at org.codehaus.groovy.jsr223.GroovyScriptEngineImpl.compile(GroovyScriptEngineImpl.java:181) ~[groovy-jsr223-3.0.20.jar:3.0.20]
	... 15 more
2026-04-05 16:24:14,666 INFO o.a.j.t.JMeterThread: Thread is done: WebSocket Clients 1-10
2026-04-05 16:24:14,666 INFO o.a.j.t.JMeterThread: Thread finished: WebSocket Clients 1-10
2026-04-05 16:24:15,151 ERROR o.a.j.p.j.s.JSR223Sampler: Problem in JSR223 script Open WebSocket And Join Group, message: javax.script.ScriptException: org.codehaus.groovy.control.MultipleCompilationErrorsException: startup failed:
Script10.groovy: 2: unable to resolve class java.net.http.HttpClient
 @ line 2, column 1.
   import java.net.http.HttpClient
   ^

Script10.groovy: 3: unable to resolve class java.net.http.WebSocket
 @ line 3, column 1.
   import java.net.http.WebSocket
   ^

Script10.groovy: 23: unable to resolve class WebSocket.Listener
 @ line 23, column 16.
   def listener = [
                  ^

3 errors

javax.script.ScriptException: org.codehaus.groovy.control.MultipleCompilationErrorsException: startup failed:
Script10.groovy: 2: unable to resolve class java.net.http.HttpClient
 @ line 2, column 1.
   import java.net.http.HttpClient
   ^

Script10.groovy: 3: unable to resolve class java.net.http.WebSocket
 @ line 3, column 1.
   import java.net.http.WebSocket
   ^

Script10.groovy: 23: unable to resolve class WebSocket.Listener
 @ line 23, column 16.
   def listener = [
                  ^

3 errors

	at org.codehaus.groovy.jsr223.GroovyScriptEngineImpl.compile(GroovyScriptEngineImpl.java:183) ~[groovy-jsr223-3.0.20.jar:3.0.20]
	at org.apache.jmeter.util.JSR223TestElement.lambda$processFileOrScript$1(JSR223TestElement.java:225) ~[ApacheJMeter_core.jar:5.6.3]
	at com.github.benmanes.caffeine.cache.BoundedLocalCache.lambda$doComputeIfAbsent$14(BoundedLocalCache.java:2406) ~[caffeine-2.9.3.jar:?]
	at java.util.concurrent.ConcurrentHashMap.compute(Unknown Source) ~[?:1.8.0_421]
	at com.github.benmanes.caffeine.cache.BoundedLocalCache.doComputeIfAbsent(BoundedLocalCache.java:2404) ~[caffeine-2.9.3.jar:?]
	at com.github.benmanes.caffeine.cache.BoundedLocalCache.computeIfAbsent(BoundedLocalCache.java:2387) ~[caffeine-2.9.3.jar:?]
	at com.github.benmanes.caffeine.cache.LocalCache.computeIfAbsent(LocalCache.java:108) ~[caffeine-2.9.3.jar:?]
	at com.github.benmanes.caffeine.cache.LocalManualCache.get(LocalManualCache.java:62) ~[caffeine-2.9.3.jar:?]
	at org.apache.jmeter.util.JSR223TestElement.getCompiledScript(JSR223TestElement.java:252) ~[ApacheJMeter_core.jar:5.6.3]
	at org.apache.jmeter.util.JSR223TestElement.processFileOrScript(JSR223TestElement.java:223) ~[ApacheJMeter_core.jar:5.6.3]
	at org.apache.jmeter.protocol.java.sampler.JSR223Sampler.sample(JSR223Sampler.java:72) [ApacheJMeter_java.jar:5.6.3]
	at org.apache.jmeter.threads.JMeterThread.doSampling(JMeterThread.java:651) [ApacheJMeter_core.jar:5.6.3]
	at org.apache.jmeter.threads.JMeterThread.executeSamplePackage(JMeterThread.java:570) [ApacheJMeter_core.jar:5.6.3]
	at org.apache.jmeter.threads.JMeterThread.processSampler(JMeterThread.java:501) [ApacheJMeter_core.jar:5.6.3]
	at org.apache.jmeter.threads.JMeterThread.run(JMeterThread.java:268) [ApacheJMeter_core.jar:5.6.3]
	at java.lang.Thread.run(Unknown Source) [?:1.8.0_421]
	Suppressed: java.lang.IllegalStateException: Unable to compile script StringScriptCacheKey{contents='2fd53f7d00762e6a36f90cf8766fa2c3'}
		at org.apache.jmeter.util.JSR223TestElement.getCompiledScript(JSR223TestElement.java:264) ~[ApacheJMeter_core.jar:5.6.3]
		at org.apache.jmeter.util.JSR223TestElement.processFileOrScript(JSR223TestElement.java:223) ~[ApacheJMeter_core.jar:5.6.3]
		at org.apache.jmeter.protocol.java.sampler.JSR223Sampler.sample(JSR223Sampler.java:72) [ApacheJMeter_java.jar:5.6.3]
		at org.apache.jmeter.threads.JMeterThread.doSampling(JMeterThread.java:651) [ApacheJMeter_core.jar:5.6.3]
		at org.apache.jmeter.threads.JMeterThread.executeSamplePackage(JMeterThread.java:570) [ApacheJMeter_core.jar:5.6.3]
		at org.apache.jmeter.threads.JMeterThread.processSampler(JMeterThread.java:501) [ApacheJMeter_core.jar:5.6.3]
		at org.apache.jmeter.threads.JMeterThread.run(JMeterThread.java:268) [ApacheJMeter_core.jar:5.6.3]
		at java.lang.Thread.run(Unknown Source) [?:1.8.0_421]
Caused by: org.codehaus.groovy.control.MultipleCompilationErrorsException: startup failed:
Script10.groovy: 2: unable to resolve class java.net.http.HttpClient
 @ line 2, column 1.
   import java.net.http.HttpClient
   ^

Script10.groovy: 3: unable to resolve class java.net.http.WebSocket
 @ line 3, column 1.
   import java.net.http.WebSocket
   ^

Script10.groovy: 23: unable to resolve class WebSocket.Listener
 @ line 23, column 16.
   def listener = [
                  ^

3 errors

	at org.codehaus.groovy.control.ErrorCollector.failIfErrors(ErrorCollector.java:292) ~[groovy-3.0.20.jar:3.0.20]
	at org.codehaus.groovy.control.CompilationUnit$ISourceUnitOperation.doPhaseOperation(CompilationUnit.java:915) ~[groovy-3.0.20.jar:3.0.20]
	at org.codehaus.groovy.control.CompilationUnit.compile(CompilationUnit.java:628) ~[groovy-3.0.20.jar:3.0.20]
	at groovy.lang.GroovyClassLoader.doParseClass(GroovyClassLoader.java:389) ~[groovy-3.0.20.jar:3.0.20]
	at groovy.lang.GroovyClassLoader.lambda$parseClass$3(GroovyClassLoader.java:332) ~[groovy-3.0.20.jar:3.0.20]
	at org.codehaus.groovy.runtime.memoize.StampedCommonCache.compute(StampedCommonCache.java:163) ~[groovy-3.0.20.jar:3.0.20]
	at org.codehaus.groovy.runtime.memoize.StampedCommonCache.getAndPut(StampedCommonCache.java:154) ~[groovy-3.0.20.jar:3.0.20]
	at groovy.lang.GroovyClassLoader.parseClass(GroovyClassLoader.java:330) ~[groovy-3.0.20.jar:3.0.20]
	at groovy.lang.GroovyClassLoader.parseClass(GroovyClassLoader.java:314) ~[groovy-3.0.20.jar:3.0.20]
	at groovy.lang.GroovyClassLoader.parseClass(GroovyClassLoader.java:257) ~[groovy-3.0.20.jar:3.0.20]
	at org.codehaus.groovy.jsr223.GroovyScriptEngineImpl.getScriptClass(GroovyScriptEngineImpl.java:336) ~[groovy-jsr223-3.0.20.jar:3.0.20]
	at org.codehaus.groovy.jsr223.GroovyScriptEngineImpl.compile(GroovyScriptEngineImpl.java:181) ~[groovy-jsr223-3.0.20.jar:3.0.20]
	... 15 more
2026-04-05 16:24:15,157 INFO o.a.j.t.JMeterThread: Thread is done: WebSocket Clients 1-9
2026-04-05 16:24:15,157 INFO o.a.j.t.JMeterThread: Thread finished: WebSocket Clients 1-9
2026-04-05 16:24:15,259 INFO o.a.j.t.JMeterThread: Thread started: WebSocket Clients 1-12
2026-04-05 16:24:15,843 INFO o.a.j.t.JMeterThread: Thread started: WebSocket Clients 1-13
2026-04-05 16:24:15,958 ERROR o.a.j.p.j.s.JSR223Sampler: Problem in JSR223 script Open WebSocket And Join Group, message: javax.script.ScriptException: org.codehaus.groovy.control.MultipleCompilationErrorsException: startup failed:
Script11.groovy: 2: unable to resolve class java.net.http.HttpClient
 @ line 2, column 1.
   import java.net.http.HttpClient
   ^

Script11.groovy: 3: unable to resolve class java.net.http.WebSocket
 @ line 3, column 1.
   import java.net.http.WebSocket
   ^

Script11.groovy: 23: unable to resolve class WebSocket.Listener
 @ line 23, column 16.
   def listener = [
                  ^

3 errors

javax.script.ScriptException: org.codehaus.groovy.control.MultipleCompilationErrorsException: startup failed:
Script11.groovy: 2: unable to resolve class java.net.http.HttpClient
 @ line 2, column 1.
   import java.net.http.HttpClient
   ^

Script11.groovy: 3: unable to resolve class java.net.http.WebSocket
 @ line 3, column 1.
   import java.net.http.WebSocket
   ^

Script11.groovy: 23: unable to resolve class WebSocket.Listener
 @ line 23, column 16.
   def listener = [
                  ^

3 errors

	at org.codehaus.groovy.jsr223.GroovyScriptEngineImpl.compile(GroovyScriptEngineImpl.java:183) ~[groovy-jsr223-3.0.20.jar:3.0.20]
	at org.apache.jmeter.util.JSR223TestElement.lambda$processFileOrScript$1(JSR223TestElement.java:225) ~[ApacheJMeter_core.jar:5.6.3]
	at com.github.benmanes.caffeine.cache.BoundedLocalCache.lambda$doComputeIfAbsent$14(BoundedLocalCache.java:2406) ~[caffeine-2.9.3.jar:?]
	at java.util.concurrent.ConcurrentHashMap.compute(Unknown Source) ~[?:1.8.0_421]
	at com.github.benmanes.caffeine.cache.BoundedLocalCache.doComputeIfAbsent(BoundedLocalCache.java:2404) ~[caffeine-2.9.3.jar:?]
	at com.github.benmanes.caffeine.cache.BoundedLocalCache.computeIfAbsent(BoundedLocalCache.java:2387) ~[caffeine-2.9.3.jar:?]
	at com.github.benmanes.caffeine.cache.LocalCache.computeIfAbsent(LocalCache.java:108) ~[caffeine-2.9.3.jar:?]
	at com.github.benmanes.caffeine.cache.LocalManualCache.get(LocalManualCache.java:62) ~[caffeine-2.9.3.jar:?]
	at org.apache.jmeter.util.JSR223TestElement.getCompiledScript(JSR223TestElement.java:252) ~[ApacheJMeter_core.jar:5.6.3]
	at org.apache.jmeter.util.JSR223TestElement.processFileOrScript(JSR223TestElement.java:223) ~[ApacheJMeter_core.jar:5.6.3]
	at org.apache.jmeter.protocol.java.sampler.JSR223Sampler.sample(JSR223Sampler.java:72) [ApacheJMeter_java.jar:5.6.3]
	at org.apache.jmeter.threads.JMeterThread.doSampling(JMeterThread.java:651) [ApacheJMeter_core.jar:5.6.3]
	at org.apache.jmeter.threads.JMeterThread.executeSamplePackage(JMeterThread.java:570) [ApacheJMeter_core.jar:5.6.3]
	at org.apache.jmeter.threads.JMeterThread.processSampler(JMeterThread.java:501) [ApacheJMeter_core.jar:5.6.3]
	at org.apache.jmeter.threads.JMeterThread.run(JMeterThread.java:268) [ApacheJMeter_core.jar:5.6.3]
	at java.lang.Thread.run(Unknown Source) [?:1.8.0_421]
	Suppressed: java.lang.IllegalStateException: Unable to compile script StringScriptCacheKey{contents='014c1f162c909a2f17e05d7bbc824e10'}
		at org.apache.jmeter.util.JSR223TestElement.getCompiledScript(JSR223TestElement.java:264) ~[ApacheJMeter_core.jar:5.6.3]
		at org.apache.jmeter.util.JSR223TestElement.processFileOrScript(JSR223TestElement.java:223) ~[ApacheJMeter_core.jar:5.6.3]
		at org.apache.jmeter.protocol.java.sampler.JSR223Sampler.sample(JSR223Sampler.java:72) [ApacheJMeter_java.jar:5.6.3]
		at org.apache.jmeter.threads.JMeterThread.doSampling(JMeterThread.java:651) [ApacheJMeter_core.jar:5.6.3]
		at org.apache.jmeter.threads.JMeterThread.executeSamplePackage(JMeterThread.java:570) [ApacheJMeter_core.jar:5.6.3]
		at org.apache.jmeter.threads.JMeterThread.processSampler(JMeterThread.java:501) [ApacheJMeter_core.jar:5.6.3]
		at org.apache.jmeter.threads.JMeterThread.run(JMeterThread.java:268) [ApacheJMeter_core.jar:5.6.3]
		at java.lang.Thread.run(Unknown Source) [?:1.8.0_421]
Caused by: org.codehaus.groovy.control.MultipleCompilationErrorsException: startup failed:
Script11.groovy: 2: unable to resolve class java.net.http.HttpClient
 @ line 2, column 1.
   import java.net.http.HttpClient
   ^

Script11.groovy: 3: unable to resolve class java.net.http.WebSocket
 @ line 3, column 1.
   import java.net.http.WebSocket
   ^

Script11.groovy: 23: unable to resolve class WebSocket.Listener
 @ line 23, column 16.
   def listener = [
                  ^

3 errors

	at org.codehaus.groovy.control.ErrorCollector.failIfErrors(ErrorCollector.java:292) ~[groovy-3.0.20.jar:3.0.20]
	at org.codehaus.groovy.control.CompilationUnit$ISourceUnitOperation.doPhaseOperation(CompilationUnit.java:915) ~[groovy-3.0.20.jar:3.0.20]
	at org.codehaus.groovy.control.CompilationUnit.compile(CompilationUnit.java:628) ~[groovy-3.0.20.jar:3.0.20]
	at groovy.lang.GroovyClassLoader.doParseClass(GroovyClassLoader.java:389) ~[groovy-3.0.20.jar:3.0.20]
	at groovy.lang.GroovyClassLoader.lambda$parseClass$3(GroovyClassLoader.java:332) ~[groovy-3.0.20.jar:3.0.20]
	at org.codehaus.groovy.runtime.memoize.StampedCommonCache.compute(StampedCommonCache.java:163) ~[groovy-3.0.20.jar:3.0.20]
	at org.codehaus.groovy.runtime.memoize.StampedCommonCache.getAndPut(StampedCommonCache.java:154) ~[groovy-3.0.20.jar:3.0.20]
	at groovy.lang.GroovyClassLoader.parseClass(GroovyClassLoader.java:330) ~[groovy-3.0.20.jar:3.0.20]
	at groovy.lang.GroovyClassLoader.parseClass(GroovyClassLoader.java:314) ~[groovy-3.0.20.jar:3.0.20]
	at groovy.lang.GroovyClassLoader.parseClass(GroovyClassLoader.java:257) ~[groovy-3.0.20.jar:3.0.20]
	at org.codehaus.groovy.jsr223.GroovyScriptEngineImpl.getScriptClass(GroovyScriptEngineImpl.java:336) ~[groovy-jsr223-3.0.20.jar:3.0.20]
	at org.codehaus.groovy.jsr223.GroovyScriptEngineImpl.compile(GroovyScriptEngineImpl.java:181) ~[groovy-jsr223-3.0.20.jar:3.0.20]
	... 15 more
2026-04-05 16:24:15,961 INFO o.a.j.t.JMeterThread: Thread is done: WebSocket Clients 1-12
2026-04-05 16:24:15,961 INFO o.a.j.t.JMeterThread: Thread finished: WebSocket Clients 1-12
2026-04-05 16:24:16,190 ERROR o.a.j.p.j.s.JSR223Sampler: Problem in JSR223 script Open WebSocket And Join Group, message: javax.script.ScriptException: org.codehaus.groovy.control.MultipleCompilationErrorsException: startup failed:
Script12.groovy: 2: unable to resolve class java.net.http.HttpClient
 @ line 2, column 1.
   import java.net.http.HttpClient
   ^

Script12.groovy: 3: unable to resolve class java.net.http.WebSocket
 @ line 3, column 1.
   import java.net.http.WebSocket
   ^

Script12.groovy: 23: unable to resolve class WebSocket.Listener
 @ line 23, column 16.
   def listener = [
                  ^

3 errors

javax.script.ScriptException: org.codehaus.groovy.control.MultipleCompilationErrorsException: startup failed:
Script12.groovy: 2: unable to resolve class java.net.http.HttpClient
 @ line 2, column 1.
   import java.net.http.HttpClient
   ^

Script12.groovy: 3: unable to resolve class java.net.http.WebSocket
 @ line 3, column 1.
   import java.net.http.WebSocket
   ^

Script12.groovy: 23: unable to resolve class WebSocket.Listener
 @ line 23, column 16.
   def listener = [
                  ^

3 errors

	at org.codehaus.groovy.jsr223.GroovyScriptEngineImpl.compile(GroovyScriptEngineImpl.java:183) ~[groovy-jsr223-3.0.20.jar:3.0.20]
	at org.apache.jmeter.util.JSR223TestElement.lambda$processFileOrScript$1(JSR223TestElement.java:225) ~[ApacheJMeter_core.jar:5.6.3]
	at com.github.benmanes.caffeine.cache.BoundedLocalCache.lambda$doComputeIfAbsent$14(BoundedLocalCache.java:2406) ~[caffeine-2.9.3.jar:?]
	at java.util.concurrent.ConcurrentHashMap.compute(Unknown Source) ~[?:1.8.0_421]
	at com.github.benmanes.caffeine.cache.BoundedLocalCache.doComputeIfAbsent(BoundedLocalCache.java:2404) ~[caffeine-2.9.3.jar:?]
	at com.github.benmanes.caffeine.cache.BoundedLocalCache.computeIfAbsent(BoundedLocalCache.java:2387) ~[caffeine-2.9.3.jar:?]
	at com.github.benmanes.caffeine.cache.LocalCache.computeIfAbsent(LocalCache.java:108) ~[caffeine-2.9.3.jar:?]
	at com.github.benmanes.caffeine.cache.LocalManualCache.get(LocalManualCache.java:62) ~[caffeine-2.9.3.jar:?]
	at org.apache.jmeter.util.JSR223TestElement.getCompiledScript(JSR223TestElement.java:252) ~[ApacheJMeter_core.jar:5.6.3]
	at org.apache.jmeter.util.JSR223TestElement.processFileOrScript(JSR223TestElement.java:223) ~[ApacheJMeter_core.jar:5.6.3]
	at org.apache.jmeter.protocol.java.sampler.JSR223Sampler.sample(JSR223Sampler.java:72) [ApacheJMeter_java.jar:5.6.3]
	at org.apache.jmeter.threads.JMeterThread.doSampling(JMeterThread.java:651) [ApacheJMeter_core.jar:5.6.3]
	at org.apache.jmeter.threads.JMeterThread.executeSamplePackage(JMeterThread.java:570) [ApacheJMeter_core.jar:5.6.3]
	at org.apache.jmeter.threads.JMeterThread.processSampler(JMeterThread.java:501) [ApacheJMeter_core.jar:5.6.3]
	at org.apache.jmeter.threads.JMeterThread.run(JMeterThread.java:268) [ApacheJMeter_core.jar:5.6.3]
	at java.lang.Thread.run(Unknown Source) [?:1.8.0_421]
	Suppressed: java.lang.IllegalStateException: Unable to compile script StringScriptCacheKey{contents='660e2782e7d6df59251cf82e1eda3cd6'}
		at org.apache.jmeter.util.JSR223TestElement.getCompiledScript(JSR223TestElement.java:264) ~[ApacheJMeter_core.jar:5.6.3]
		at org.apache.jmeter.util.JSR223TestElement.processFileOrScript(JSR223TestElement.java:223) ~[ApacheJMeter_core.jar:5.6.3]
		at org.apache.jmeter.protocol.java.sampler.JSR223Sampler.sample(JSR223Sampler.java:72) [ApacheJMeter_java.jar:5.6.3]
		at org.apache.jmeter.threads.JMeterThread.doSampling(JMeterThread.java:651) [ApacheJMeter_core.jar:5.6.3]
		at org.apache.jmeter.threads.JMeterThread.executeSamplePackage(JMeterThread.java:570) [ApacheJMeter_core.jar:5.6.3]
		at org.apache.jmeter.threads.JMeterThread.processSampler(JMeterThread.java:501) [ApacheJMeter_core.jar:5.6.3]
		at org.apache.jmeter.threads.JMeterThread.run(JMeterThread.java:268) [ApacheJMeter_core.jar:5.6.3]
		at java.lang.Thread.run(Unknown Source) [?:1.8.0_421]
Caused by: org.codehaus.groovy.control.MultipleCompilationErrorsException: startup failed:
Script12.groovy: 2: unable to resolve class java.net.http.HttpClient
 @ line 2, column 1.
   import java.net.http.HttpClient
   ^

Script12.groovy: 3: unable to resolve class java.net.http.WebSocket
 @ line 3, column 1.
   import java.net.http.WebSocket
   ^

Script12.groovy: 23: unable to resolve class WebSocket.Listener
 @ line 23, column 16.
   def listener = [
                  ^

3 errors

	at org.codehaus.groovy.control.ErrorCollector.failIfErrors(ErrorCollector.java:292) ~[groovy-3.0.20.jar:3.0.20]
	at org.codehaus.groovy.control.CompilationUnit$ISourceUnitOperation.doPhaseOperation(CompilationUnit.java:915) ~[groovy-3.0.20.jar:3.0.20]
	at org.codehaus.groovy.control.CompilationUnit.compile(CompilationUnit.java:628) ~[groovy-3.0.20.jar:3.0.20]
	at groovy.lang.GroovyClassLoader.doParseClass(GroovyClassLoader.java:389) ~[groovy-3.0.20.jar:3.0.20]
	at groovy.lang.GroovyClassLoader.lambda$parseClass$3(GroovyClassLoader.java:332) ~[groovy-3.0.20.jar:3.0.20]
	at org.codehaus.groovy.runtime.memoize.StampedCommonCache.compute(StampedCommonCache.java:163) ~[groovy-3.0.20.jar:3.0.20]
	at org.codehaus.groovy.runtime.memoize.StampedCommonCache.getAndPut(StampedCommonCache.java:154) ~[groovy-3.0.20.jar:3.0.20]
	at groovy.lang.GroovyClassLoader.parseClass(GroovyClassLoader.java:330) ~[groovy-3.0.20.jar:3.0.20]
	at groovy.lang.GroovyClassLoader.parseClass(GroovyClassLoader.java:314) ~[groovy-3.0.20.jar:3.0.20]
	at groovy.lang.GroovyClassLoader.parseClass(GroovyClassLoader.java:257) ~[groovy-3.0.20.jar:3.0.20]
	at org.codehaus.groovy.jsr223.GroovyScriptEngineImpl.getScriptClass(GroovyScriptEngineImpl.java:336) ~[groovy-jsr223-3.0.20.jar:3.0.20]
	at org.codehaus.groovy.jsr223.GroovyScriptEngineImpl.compile(GroovyScriptEngineImpl.java:181) ~[groovy-jsr223-3.0.20.jar:3.0.20]
	... 15 more
2026-04-05 16:24:16,196 INFO o.a.j.t.JMeterThread: Thread is done: WebSocket Clients 1-11
2026-04-05 16:24:16,196 INFO o.a.j.t.JMeterThread: Thread finished: WebSocket Clients 1-11
2026-04-05 16:24:16,402 INFO o.a.j.t.JMeterThread: Thread started: WebSocket Clients 1-14
2026-04-05 16:24:16,999 INFO o.a.j.t.JMeterThread: Thread started: WebSocket Clients 1-15
2026-04-05 16:24:16,999 ERROR o.a.j.p.j.s.JSR223Sampler: Problem in JSR223 script Open WebSocket And Join Group, message: javax.script.ScriptException: org.codehaus.groovy.control.MultipleCompilationErrorsException: startup failed:
Script13.groovy: 2: unable to resolve class java.net.http.HttpClient
 @ line 2, column 1.
   import java.net.http.HttpClient
   ^

Script13.groovy: 3: unable to resolve class java.net.http.WebSocket
 @ line 3, column 1.
   import java.net.http.WebSocket
   ^

Script13.groovy: 23: unable to resolve class WebSocket.Listener
 @ line 23, column 16.
   def listener = [
                  ^

3 errors

javax.script.ScriptException: org.codehaus.groovy.control.MultipleCompilationErrorsException: startup failed:
Script13.groovy: 2: unable to resolve class java.net.http.HttpClient
 @ line 2, column 1.
   import java.net.http.HttpClient
   ^

Script13.groovy: 3: unable to resolve class java.net.http.WebSocket
 @ line 3, column 1.
   import java.net.http.WebSocket
   ^

Script13.groovy: 23: unable to resolve class WebSocket.Listener
 @ line 23, column 16.
   def listener = [
                  ^

3 errors

	at org.codehaus.groovy.jsr223.GroovyScriptEngineImpl.compile(GroovyScriptEngineImpl.java:183) ~[groovy-jsr223-3.0.20.jar:3.0.20]
	at org.apache.jmeter.util.JSR223TestElement.lambda$processFileOrScript$1(JSR223TestElement.java:225) ~[ApacheJMeter_core.jar:5.6.3]
	at com.github.benmanes.caffeine.cache.BoundedLocalCache.lambda$doComputeIfAbsent$14(BoundedLocalCache.java:2406) ~[caffeine-2.9.3.jar:?]
	at java.util.concurrent.ConcurrentHashMap.compute(Unknown Source) ~[?:1.8.0_421]
	at com.github.benmanes.caffeine.cache.BoundedLocalCache.doComputeIfAbsent(BoundedLocalCache.java:2404) ~[caffeine-2.9.3.jar:?]
	at com.github.benmanes.caffeine.cache.BoundedLocalCache.computeIfAbsent(BoundedLocalCache.java:2387) ~[caffeine-2.9.3.jar:?]
	at com.github.benmanes.caffeine.cache.LocalCache.computeIfAbsent(LocalCache.java:108) ~[caffeine-2.9.3.jar:?]
	at com.github.benmanes.caffeine.cache.LocalManualCache.get(LocalManualCache.java:62) ~[caffeine-2.9.3.jar:?]
	at org.apache.jmeter.util.JSR223TestElement.getCompiledScript(JSR223TestElement.java:252) ~[ApacheJMeter_core.jar:5.6.3]
	at org.apache.jmeter.util.JSR223TestElement.processFileOrScript(JSR223TestElement.java:223) ~[ApacheJMeter_core.jar:5.6.3]
	at org.apache.jmeter.protocol.java.sampler.JSR223Sampler.sample(JSR223Sampler.java:72) [ApacheJMeter_java.jar:5.6.3]
	at org.apache.jmeter.threads.JMeterThread.doSampling(JMeterThread.java:651) [ApacheJMeter_core.jar:5.6.3]
	at org.apache.jmeter.threads.JMeterThread.executeSamplePackage(JMeterThread.java:570) [ApacheJMeter_core.jar:5.6.3]
	at org.apache.jmeter.threads.JMeterThread.processSampler(JMeterThread.java:501) [ApacheJMeter_core.jar:5.6.3]
	at org.apache.jmeter.threads.JMeterThread.run(JMeterThread.java:268) [ApacheJMeter_core.jar:5.6.3]
	at java.lang.Thread.run(Unknown Source) [?:1.8.0_421]
	Suppressed: java.lang.IllegalStateException: Unable to compile script StringScriptCacheKey{contents='b48fa167062d4d3014c121ca6bd42b79'}
		at org.apache.jmeter.util.JSR223TestElement.getCompiledScript(JSR223TestElement.java:264) ~[ApacheJMeter_core.jar:5.6.3]
		at org.apache.jmeter.util.JSR223TestElement.processFileOrScript(JSR223TestElement.java:223) ~[ApacheJMeter_core.jar:5.6.3]
		at org.apache.jmeter.protocol.java.sampler.JSR223Sampler.sample(JSR223Sampler.java:72) [ApacheJMeter_java.jar:5.6.3]
		at org.apache.jmeter.threads.JMeterThread.doSampling(JMeterThread.java:651) [ApacheJMeter_core.jar:5.6.3]
		at org.apache.jmeter.threads.JMeterThread.executeSamplePackage(JMeterThread.java:570) [ApacheJMeter_core.jar:5.6.3]
		at org.apache.jmeter.threads.JMeterThread.processSampler(JMeterThread.java:501) [ApacheJMeter_core.jar:5.6.3]
		at org.apache.jmeter.threads.JMeterThread.run(JMeterThread.java:268) [ApacheJMeter_core.jar:5.6.3]
		at java.lang.Thread.run(Unknown Source) [?:1.8.0_421]
Caused by: org.codehaus.groovy.control.MultipleCompilationErrorsException: startup failed:
Script13.groovy: 2: unable to resolve class java.net.http.HttpClient
 @ line 2, column 1.
   import java.net.http.HttpClient
   ^

Script13.groovy: 3: unable to resolve class java.net.http.WebSocket
 @ line 3, column 1.
   import java.net.http.WebSocket
   ^

Script13.groovy: 23: unable to resolve class WebSocket.Listener
 @ line 23, column 16.
   def listener = [
                  ^

3 errors

	at org.codehaus.groovy.control.ErrorCollector.failIfErrors(ErrorCollector.java:292) ~[groovy-3.0.20.jar:3.0.20]
	at org.codehaus.groovy.control.CompilationUnit$ISourceUnitOperation.doPhaseOperation(CompilationUnit.java:915) ~[groovy-3.0.20.jar:3.0.20]
	at org.codehaus.groovy.control.CompilationUnit.compile(CompilationUnit.java:628) ~[groovy-3.0.20.jar:3.0.20]
	at groovy.lang.GroovyClassLoader.doParseClass(GroovyClassLoader.java:389) ~[groovy-3.0.20.jar:3.0.20]
	at groovy.lang.GroovyClassLoader.lambda$parseClass$3(GroovyClassLoader.java:332) ~[groovy-3.0.20.jar:3.0.20]
	at org.codehaus.groovy.runtime.memoize.StampedCommonCache.compute(StampedCommonCache.java:163) ~[groovy-3.0.20.jar:3.0.20]
	at org.codehaus.groovy.runtime.memoize.StampedCommonCache.getAndPut(StampedCommonCache.java:154) ~[groovy-3.0.20.jar:3.0.20]
	at groovy.lang.GroovyClassLoader.parseClass(GroovyClassLoader.java:330) ~[groovy-3.0.20.jar:3.0.20]
	at groovy.lang.GroovyClassLoader.parseClass(GroovyClassLoader.java:314) ~[groovy-3.0.20.jar:3.0.20]
	at groovy.lang.GroovyClassLoader.parseClass(GroovyClassLoader.java:257) ~[groovy-3.0.20.jar:3.0.20]
	at org.codehaus.groovy.jsr223.GroovyScriptEngineImpl.getScriptClass(GroovyScriptEngineImpl.java:336) ~[groovy-jsr223-3.0.20.jar:3.0.20]
	at org.codehaus.groovy.jsr223.GroovyScriptEngineImpl.compile(GroovyScriptEngineImpl.java:181) ~[groovy-jsr223-3.0.20.jar:3.0.20]
	... 15 more
2026-04-05 16:24:17,003 INFO o.a.j.t.JMeterThread: Thread is done: WebSocket Clients 1-14
2026-04-05 16:24:17,003 INFO o.a.j.t.JMeterThread: Thread finished: WebSocket Clients 1-14
2026-04-05 16:24:17,414 ERROR o.a.j.p.j.s.JSR223Sampler: Problem in JSR223 script Open WebSocket And Join Group, message: javax.script.ScriptException: org.codehaus.groovy.control.MultipleCompilationErrorsException: startup failed:
Script14.groovy: 2: unable to resolve class java.net.http.HttpClient
 @ line 2, column 1.
   import java.net.http.HttpClient
   ^

Script14.groovy: 3: unable to resolve class java.net.http.WebSocket
 @ line 3, column 1.
   import java.net.http.WebSocket
   ^

Script14.groovy: 23: unable to resolve class WebSocket.Listener
 @ line 23, column 16.
   def listener = [
                  ^

3 errors

javax.script.ScriptException: org.codehaus.groovy.control.MultipleCompilationErrorsException: startup failed:
Script14.groovy: 2: unable to resolve class java.net.http.HttpClient
 @ line 2, column 1.
   import java.net.http.HttpClient
   ^

Script14.groovy: 3: unable to resolve class java.net.http.WebSocket
 @ line 3, column 1.
   import java.net.http.WebSocket
   ^

Script14.groovy: 23: unable to resolve class WebSocket.Listener
 @ line 23, column 16.
   def listener = [
                  ^

3 errors

	at org.codehaus.groovy.jsr223.GroovyScriptEngineImpl.compile(GroovyScriptEngineImpl.java:183) ~[groovy-jsr223-3.0.20.jar:3.0.20]
	at org.apache.jmeter.util.JSR223TestElement.lambda$processFileOrScript$1(JSR223TestElement.java:225) ~[ApacheJMeter_core.jar:5.6.3]
	at com.github.benmanes.caffeine.cache.BoundedLocalCache.lambda$doComputeIfAbsent$14(BoundedLocalCache.java:2406) ~[caffeine-2.9.3.jar:?]
	at java.util.concurrent.ConcurrentHashMap.compute(Unknown Source) ~[?:1.8.0_421]
	at com.github.benmanes.caffeine.cache.BoundedLocalCache.doComputeIfAbsent(BoundedLocalCache.java:2404) ~[caffeine-2.9.3.jar:?]
	at com.github.benmanes.caffeine.cache.BoundedLocalCache.computeIfAbsent(BoundedLocalCache.java:2387) ~[caffeine-2.9.3.jar:?]
	at com.github.benmanes.caffeine.cache.LocalCache.computeIfAbsent(LocalCache.java:108) ~[caffeine-2.9.3.jar:?]
	at com.github.benmanes.caffeine.cache.LocalManualCache.get(LocalManualCache.java:62) ~[caffeine-2.9.3.jar:?]
	at org.apache.jmeter.util.JSR223TestElement.getCompiledScript(JSR223TestElement.java:252) ~[ApacheJMeter_core.jar:5.6.3]
	at org.apache.jmeter.util.JSR223TestElement.processFileOrScript(JSR223TestElement.java:223) ~[ApacheJMeter_core.jar:5.6.3]
	at org.apache.jmeter.protocol.java.sampler.JSR223Sampler.sample(JSR223Sampler.java:72) [ApacheJMeter_java.jar:5.6.3]
	at org.apache.jmeter.threads.JMeterThread.doSampling(JMeterThread.java:651) [ApacheJMeter_core.jar:5.6.3]
	at org.apache.jmeter.threads.JMeterThread.executeSamplePackage(JMeterThread.java:570) [ApacheJMeter_core.jar:5.6.3]
	at org.apache.jmeter.threads.JMeterThread.processSampler(JMeterThread.java:501) [ApacheJMeter_core.jar:5.6.3]
	at org.apache.jmeter.threads.JMeterThread.run(JMeterThread.java:268) [ApacheJMeter_core.jar:5.6.3]
	at java.lang.Thread.run(Unknown Source) [?:1.8.0_421]
	Suppressed: java.lang.IllegalStateException: Unable to compile script StringScriptCacheKey{contents='b9dcc1f911aeacde9b3dfd4f5e093893'}
		at org.apache.jmeter.util.JSR223TestElement.getCompiledScript(JSR223TestElement.java:264) ~[ApacheJMeter_core.jar:5.6.3]
		at org.apache.jmeter.util.JSR223TestElement.processFileOrScript(JSR223TestElement.java:223) ~[ApacheJMeter_core.jar:5.6.3]
		at org.apache.jmeter.protocol.java.sampler.JSR223Sampler.sample(JSR223Sampler.java:72) [ApacheJMeter_java.jar:5.6.3]
		at org.apache.jmeter.threads.JMeterThread.doSampling(JMeterThread.java:651) [ApacheJMeter_core.jar:5.6.3]
		at org.apache.jmeter.threads.JMeterThread.executeSamplePackage(JMeterThread.java:570) [ApacheJMeter_core.jar:5.6.3]
		at org.apache.jmeter.threads.JMeterThread.processSampler(JMeterThread.java:501) [ApacheJMeter_core.jar:5.6.3]
		at org.apache.jmeter.threads.JMeterThread.run(JMeterThread.java:268) [ApacheJMeter_core.jar:5.6.3]
		at java.lang.Thread.run(Unknown Source) [?:1.8.0_421]
Caused by: org.codehaus.groovy.control.MultipleCompilationErrorsException: startup failed:
Script14.groovy: 2: unable to resolve class java.net.http.HttpClient
 @ line 2, column 1.
   import java.net.http.HttpClient
   ^

Script14.groovy: 3: unable to resolve class java.net.http.WebSocket
 @ line 3, column 1.
   import java.net.http.WebSocket
   ^

Script14.groovy: 23: unable to resolve class WebSocket.Listener
 @ line 23, column 16.
   def listener = [
                  ^

3 errors

	at org.codehaus.groovy.control.ErrorCollector.failIfErrors(ErrorCollector.java:292) ~[groovy-3.0.20.jar:3.0.20]
	at org.codehaus.groovy.control.CompilationUnit$ISourceUnitOperation.doPhaseOperation(CompilationUnit.java:915) ~[groovy-3.0.20.jar:3.0.20]
	at org.codehaus.groovy.control.CompilationUnit.compile(CompilationUnit.java:628) ~[groovy-3.0.20.jar:3.0.20]
	at groovy.lang.GroovyClassLoader.doParseClass(GroovyClassLoader.java:389) ~[groovy-3.0.20.jar:3.0.20]
	at groovy.lang.GroovyClassLoader.lambda$parseClass$3(GroovyClassLoader.java:332) ~[groovy-3.0.20.jar:3.0.20]
	at org.codehaus.groovy.runtime.memoize.StampedCommonCache.compute(StampedCommonCache.java:163) ~[groovy-3.0.20.jar:3.0.20]
	at org.codehaus.groovy.runtime.memoize.StampedCommonCache.getAndPut(StampedCommonCache.java:154) ~[groovy-3.0.20.jar:3.0.20]
	at groovy.lang.GroovyClassLoader.parseClass(GroovyClassLoader.java:330) ~[groovy-3.0.20.jar:3.0.20]
	at groovy.lang.GroovyClassLoader.parseClass(GroovyClassLoader.java:314) ~[groovy-3.0.20.jar:3.0.20]
	at groovy.lang.GroovyClassLoader.parseClass(GroovyClassLoader.java:257) ~[groovy-3.0.20.jar:3.0.20]
	at org.codehaus.groovy.jsr223.GroovyScriptEngineImpl.getScriptClass(GroovyScriptEngineImpl.java:336) ~[groovy-jsr223-3.0.20.jar:3.0.20]
	at org.codehaus.groovy.jsr223.GroovyScriptEngineImpl.compile(GroovyScriptEngineImpl.java:181) ~[groovy-jsr223-3.0.20.jar:3.0.20]
	... 15 more
2026-04-05 16:24:17,416 INFO o.a.j.t.JMeterThread: Thread is done: WebSocket Clients 1-13
2026-04-05 16:24:17,417 INFO o.a.j.t.JMeterThread: Thread finished: WebSocket Clients 1-13
2026-04-05 16:24:17,596 INFO o.a.j.t.JMeterThread: Thread started: WebSocket Clients 1-16
2026-04-05 16:24:18,151 ERROR o.a.j.p.j.s.JSR223Sampler: Problem in JSR223 script Open WebSocket And Join Group, message: javax.script.ScriptException: org.codehaus.groovy.control.MultipleCompilationErrorsException: startup failed:
Script15.groovy: 2: unable to resolve class java.net.http.HttpClient
 @ line 2, column 1.
   import java.net.http.HttpClient
   ^

Script15.groovy: 3: unable to resolve class java.net.http.WebSocket
 @ line 3, column 1.
   import java.net.http.WebSocket
   ^

Script15.groovy: 23: unable to resolve class WebSocket.Listener
 @ line 23, column 16.
   def listener = [
                  ^

3 errors

javax.script.ScriptException: org.codehaus.groovy.control.MultipleCompilationErrorsException: startup failed:
Script15.groovy: 2: unable to resolve class java.net.http.HttpClient
 @ line 2, column 1.
   import java.net.http.HttpClient
   ^

Script15.groovy: 3: unable to resolve class java.net.http.WebSocket
 @ line 3, column 1.
   import java.net.http.WebSocket
   ^

Script15.groovy: 23: unable to resolve class WebSocket.Listener
 @ line 23, column 16.
   def listener = [
                  ^

3 errors

	at org.codehaus.groovy.jsr223.GroovyScriptEngineImpl.compile(GroovyScriptEngineImpl.java:183) ~[groovy-jsr223-3.0.20.jar:3.0.20]
	at org.apache.jmeter.util.JSR223TestElement.lambda$processFileOrScript$1(JSR223TestElement.java:225) ~[ApacheJMeter_core.jar:5.6.3]
	at com.github.benmanes.caffeine.cache.BoundedLocalCache.lambda$doComputeIfAbsent$14(BoundedLocalCache.java:2406) ~[caffeine-2.9.3.jar:?]
	at java.util.concurrent.ConcurrentHashMap.compute(Unknown Source) ~[?:1.8.0_421]
	at com.github.benmanes.caffeine.cache.BoundedLocalCache.doComputeIfAbsent(BoundedLocalCache.java:2404) ~[caffeine-2.9.3.jar:?]
	at com.github.benmanes.caffeine.cache.BoundedLocalCache.computeIfAbsent(BoundedLocalCache.java:2387) ~[caffeine-2.9.3.jar:?]
	at com.github.benmanes.caffeine.cache.LocalCache.computeIfAbsent(LocalCache.java:108) ~[caffeine-2.9.3.jar:?]
	at com.github.benmanes.caffeine.cache.LocalManualCache.get(LocalManualCache.java:62) ~[caffeine-2.9.3.jar:?]
	at org.apache.jmeter.util.JSR223TestElement.getCompiledScript(JSR223TestElement.java:252) ~[ApacheJMeter_core.jar:5.6.3]
	at org.apache.jmeter.util.JSR223TestElement.processFileOrScript(JSR223TestElement.java:223) ~[ApacheJMeter_core.jar:5.6.3]
	at org.apache.jmeter.protocol.java.sampler.JSR223Sampler.sample(JSR223Sampler.java:72) [ApacheJMeter_java.jar:5.6.3]
	at org.apache.jmeter.threads.JMeterThread.doSampling(JMeterThread.java:651) [ApacheJMeter_core.jar:5.6.3]
	at org.apache.jmeter.threads.JMeterThread.executeSamplePackage(JMeterThread.java:570) [ApacheJMeter_core.jar:5.6.3]
	at org.apache.jmeter.threads.JMeterThread.processSampler(JMeterThread.java:501) [ApacheJMeter_core.jar:5.6.3]
	at org.apache.jmeter.threads.JMeterThread.run(JMeterThread.java:268) [ApacheJMeter_core.jar:5.6.3]
	at java.lang.Thread.run(Unknown Source) [?:1.8.0_421]
	Suppressed: java.lang.IllegalStateException: Unable to compile script StringScriptCacheKey{contents='58cb05f406f4e88903124d684bc09a41'}
		at org.apache.jmeter.util.JSR223TestElement.getCompiledScript(JSR223TestElement.java:264) ~[ApacheJMeter_core.jar:5.6.3]
		at org.apache.jmeter.util.JSR223TestElement.processFileOrScript(JSR223TestElement.java:223) ~[ApacheJMeter_core.jar:5.6.3]
		at org.apache.jmeter.protocol.java.sampler.JSR223Sampler.sample(JSR223Sampler.java:72) [ApacheJMeter_java.jar:5.6.3]
		at org.apache.jmeter.threads.JMeterThread.doSampling(JMeterThread.java:651) [ApacheJMeter_core.jar:5.6.3]
		at org.apache.jmeter.threads.JMeterThread.executeSamplePackage(JMeterThread.java:570) [ApacheJMeter_core.jar:5.6.3]
		at org.apache.jmeter.threads.JMeterThread.processSampler(JMeterThread.java:501) [ApacheJMeter_core.jar:5.6.3]
		at org.apache.jmeter.threads.JMeterThread.run(JMeterThread.java:268) [ApacheJMeter_core.jar:5.6.3]
		at java.lang.Thread.run(Unknown Source) [?:1.8.0_421]
Caused by: org.codehaus.groovy.control.MultipleCompilationErrorsException: startup failed:
Script15.groovy: 2: unable to resolve class java.net.http.HttpClient
 @ line 2, column 1.
   import java.net.http.HttpClient
   ^

Script15.groovy: 3: unable to resolve class java.net.http.WebSocket
 @ line 3, column 1.
   import java.net.http.WebSocket
   ^

Script15.groovy: 23: unable to resolve class WebSocket.Listener
 @ line 23, column 16.
   def listener = [
                  ^

3 errors

	at org.codehaus.groovy.control.ErrorCollector.failIfErrors(ErrorCollector.java:292) ~[groovy-3.0.20.jar:3.0.20]
	at org.codehaus.groovy.control.CompilationUnit$ISourceUnitOperation.doPhaseOperation(CompilationUnit.java:915) ~[groovy-3.0.20.jar:3.0.20]
	at org.codehaus.groovy.control.CompilationUnit.compile(CompilationUnit.java:628) ~[groovy-3.0.20.jar:3.0.20]
	at groovy.lang.GroovyClassLoader.doParseClass(GroovyClassLoader.java:389) ~[groovy-3.0.20.jar:3.0.20]
	at groovy.lang.GroovyClassLoader.lambda$parseClass$3(GroovyClassLoader.java:332) ~[groovy-3.0.20.jar:3.0.20]
	at org.codehaus.groovy.runtime.memoize.StampedCommonCache.compute(StampedCommonCache.java:163) ~[groovy-3.0.20.jar:3.0.20]
	at org.codehaus.groovy.runtime.memoize.StampedCommonCache.getAndPut(StampedCommonCache.java:154) ~[groovy-3.0.20.jar:3.0.20]
	at groovy.lang.GroovyClassLoader.parseClass(GroovyClassLoader.java:330) ~[groovy-3.0.20.jar:3.0.20]
	at groovy.lang.GroovyClassLoader.parseClass(GroovyClassLoader.java:314) ~[groovy-3.0.20.jar:3.0.20]
	at groovy.lang.GroovyClassLoader.parseClass(GroovyClassLoader.java:257) ~[groovy-3.0.20.jar:3.0.20]
	at org.codehaus.groovy.jsr223.GroovyScriptEngineImpl.getScriptClass(GroovyScriptEngineImpl.java:336) ~[groovy-jsr223-3.0.20.jar:3.0.20]
	at org.codehaus.groovy.jsr223.GroovyScriptEngineImpl.compile(GroovyScriptEngineImpl.java:181) ~[groovy-jsr223-3.0.20.jar:3.0.20]
	... 15 more
2026-04-05 16:24:18,152 INFO o.a.j.t.JMeterThread: Thread is done: WebSocket Clients 1-16
2026-04-05 16:24:18,152 INFO o.a.j.t.JMeterThread: Thread finished: WebSocket Clients 1-16
2026-04-05 16:24:18,175 INFO o.a.j.t.JMeterThread: Thread started: WebSocket Clients 1-17
2026-04-05 16:24:18,611 ERROR o.a.j.p.j.s.JSR223Sampler: Problem in JSR223 script Open WebSocket And Join Group, message: javax.script.ScriptException: org.codehaus.groovy.control.MultipleCompilationErrorsException: startup failed:
Script16.groovy: 2: unable to resolve class java.net.http.HttpClient
 @ line 2, column 1.
   import java.net.http.HttpClient
   ^

Script16.groovy: 3: unable to resolve class java.net.http.WebSocket
 @ line 3, column 1.
   import java.net.http.WebSocket
   ^

Script16.groovy: 23: unable to resolve class WebSocket.Listener
 @ line 23, column 16.
   def listener = [
                  ^

3 errors

javax.script.ScriptException: org.codehaus.groovy.control.MultipleCompilationErrorsException: startup failed:
Script16.groovy: 2: unable to resolve class java.net.http.HttpClient
 @ line 2, column 1.
   import java.net.http.HttpClient
   ^

Script16.groovy: 3: unable to resolve class java.net.http.WebSocket
 @ line 3, column 1.
   import java.net.http.WebSocket
   ^

Script16.groovy: 23: unable to resolve class WebSocket.Listener
 @ line 23, column 16.
   def listener = [
                  ^

3 errors

	at org.codehaus.groovy.jsr223.GroovyScriptEngineImpl.compile(GroovyScriptEngineImpl.java:183) ~[groovy-jsr223-3.0.20.jar:3.0.20]
	at org.apache.jmeter.util.JSR223TestElement.lambda$processFileOrScript$1(JSR223TestElement.java:225) ~[ApacheJMeter_core.jar:5.6.3]
	at com.github.benmanes.caffeine.cache.BoundedLocalCache.lambda$doComputeIfAbsent$14(BoundedLocalCache.java:2406) ~[caffeine-2.9.3.jar:?]
	at java.util.concurrent.ConcurrentHashMap.compute(Unknown Source) ~[?:1.8.0_421]
	at com.github.benmanes.caffeine.cache.BoundedLocalCache.doComputeIfAbsent(BoundedLocalCache.java:2404) ~[caffeine-2.9.3.jar:?]
	at com.github.benmanes.caffeine.cache.BoundedLocalCache.computeIfAbsent(BoundedLocalCache.java:2387) ~[caffeine-2.9.3.jar:?]
	at com.github.benmanes.caffeine.cache.LocalCache.computeIfAbsent(LocalCache.java:108) ~[caffeine-2.9.3.jar:?]
	at com.github.benmanes.caffeine.cache.LocalManualCache.get(LocalManualCache.java:62) ~[caffeine-2.9.3.jar:?]
	at org.apache.jmeter.util.JSR223TestElement.getCompiledScript(JSR223TestElement.java:252) ~[ApacheJMeter_core.jar:5.6.3]
	at org.apache.jmeter.util.JSR223TestElement.processFileOrScript(JSR223TestElement.java:223) ~[ApacheJMeter_core.jar:5.6.3]
	at org.apache.jmeter.protocol.java.sampler.JSR223Sampler.sample(JSR223Sampler.java:72) [ApacheJMeter_java.jar:5.6.3]
	at org.apache.jmeter.threads.JMeterThread.doSampling(JMeterThread.java:651) [ApacheJMeter_core.jar:5.6.3]
	at org.apache.jmeter.threads.JMeterThread.executeSamplePackage(JMeterThread.java:570) [ApacheJMeter_core.jar:5.6.3]
	at org.apache.jmeter.threads.JMeterThread.processSampler(JMeterThread.java:501) [ApacheJMeter_core.jar:5.6.3]
	at org.apache.jmeter.threads.JMeterThread.run(JMeterThread.java:268) [ApacheJMeter_core.jar:5.6.3]
	at java.lang.Thread.run(Unknown Source) [?:1.8.0_421]
	Suppressed: java.lang.IllegalStateException: Unable to compile script StringScriptCacheKey{contents='b1f209193ea760c5c59d5451aa22015e'}
		at org.apache.jmeter.util.JSR223TestElement.getCompiledScript(JSR223TestElement.java:264) ~[ApacheJMeter_core.jar:5.6.3]
		at org.apache.jmeter.util.JSR223TestElement.processFileOrScript(JSR223TestElement.java:223) ~[ApacheJMeter_core.jar:5.6.3]
		at org.apache.jmeter.protocol.java.sampler.JSR223Sampler.sample(JSR223Sampler.java:72) [ApacheJMeter_java.jar:5.6.3]
		at org.apache.jmeter.threads.JMeterThread.doSampling(JMeterThread.java:651) [ApacheJMeter_core.jar:5.6.3]
		at org.apache.jmeter.threads.JMeterThread.executeSamplePackage(JMeterThread.java:570) [ApacheJMeter_core.jar:5.6.3]
		at org.apache.jmeter.threads.JMeterThread.processSampler(JMeterThread.java:501) [ApacheJMeter_core.jar:5.6.3]
		at org.apache.jmeter.threads.JMeterThread.run(JMeterThread.java:268) [ApacheJMeter_core.jar:5.6.3]
		at java.lang.Thread.run(Unknown Source) [?:1.8.0_421]
Caused by: org.codehaus.groovy.control.MultipleCompilationErrorsException: startup failed:
Script16.groovy: 2: unable to resolve class java.net.http.HttpClient
 @ line 2, column 1.
   import java.net.http.HttpClient
   ^

Script16.groovy: 3: unable to resolve class java.net.http.WebSocket
 @ line 3, column 1.
   import java.net.http.WebSocket
   ^

Script16.groovy: 23: unable to resolve class WebSocket.Listener
 @ line 23, column 16.
   def listener = [
                  ^

3 errors

	at org.codehaus.groovy.control.ErrorCollector.failIfErrors(ErrorCollector.java:292) ~[groovy-3.0.20.jar:3.0.20]
	at org.codehaus.groovy.control.CompilationUnit$ISourceUnitOperation.doPhaseOperation(CompilationUnit.java:915) ~[groovy-3.0.20.jar:3.0.20]
	at org.codehaus.groovy.control.CompilationUnit.compile(CompilationUnit.java:628) ~[groovy-3.0.20.jar:3.0.20]
	at groovy.lang.GroovyClassLoader.doParseClass(GroovyClassLoader.java:389) ~[groovy-3.0.20.jar:3.0.20]
	at groovy.lang.GroovyClassLoader.lambda$parseClass$3(GroovyClassLoader.java:332) ~[groovy-3.0.20.jar:3.0.20]
	at org.codehaus.groovy.runtime.memoize.StampedCommonCache.compute(StampedCommonCache.java:163) ~[groovy-3.0.20.jar:3.0.20]
	at org.codehaus.groovy.runtime.memoize.StampedCommonCache.getAndPut(StampedCommonCache.java:154) ~[groovy-3.0.20.jar:3.0.20]
	at groovy.lang.GroovyClassLoader.parseClass(GroovyClassLoader.java:330) ~[groovy-3.0.20.jar:3.0.20]
	at groovy.lang.GroovyClassLoader.parseClass(GroovyClassLoader.java:314) ~[groovy-3.0.20.jar:3.0.20]
	at groovy.lang.GroovyClassLoader.parseClass(GroovyClassLoader.java:257) ~[groovy-3.0.20.jar:3.0.20]
	at org.codehaus.groovy.jsr223.GroovyScriptEngineImpl.getScriptClass(GroovyScriptEngineImpl.java:336) ~[groovy-jsr223-3.0.20.jar:3.0.20]
	at org.codehaus.groovy.jsr223.GroovyScriptEngineImpl.compile(GroovyScriptEngineImpl.java:181) ~[groovy-jsr223-3.0.20.jar:3.0.20]
	... 15 more
2026-04-05 16:24:18,613 INFO o.a.j.t.JMeterThread: Thread is done: WebSocket Clients 1-15
2026-04-05 16:24:18,613 INFO o.a.j.t.JMeterThread: Thread finished: WebSocket Clients 1-15
2026-04-05 16:24:18,763 INFO o.a.j.t.JMeterThread: Thread started: WebSocket Clients 1-18
2026-04-05 16:24:19,352 ERROR o.a.j.p.j.s.JSR223Sampler: Problem in JSR223 script Open WebSocket And Join Group, message: javax.script.ScriptException: org.codehaus.groovy.control.MultipleCompilationErrorsException: startup failed:
Script17.groovy: 2: unable to resolve class java.net.http.HttpClient
 @ line 2, column 1.
   import java.net.http.HttpClient
   ^

Script17.groovy: 3: unable to resolve class java.net.http.WebSocket
 @ line 3, column 1.
   import java.net.http.WebSocket
   ^

Script17.groovy: 23: unable to resolve class WebSocket.Listener
 @ line 23, column 16.
   def listener = [
                  ^

3 errors

javax.script.ScriptException: org.codehaus.groovy.control.MultipleCompilationErrorsException: startup failed:
Script17.groovy: 2: unable to resolve class java.net.http.HttpClient
 @ line 2, column 1.
   import java.net.http.HttpClient
   ^

Script17.groovy: 3: unable to resolve class java.net.http.WebSocket
 @ line 3, column 1.
   import java.net.http.WebSocket
   ^

Script17.groovy: 23: unable to resolve class WebSocket.Listener
 @ line 23, column 16.
   def listener = [
                  ^

3 errors

	at org.codehaus.groovy.jsr223.GroovyScriptEngineImpl.compile(GroovyScriptEngineImpl.java:183) ~[groovy-jsr223-3.0.20.jar:3.0.20]
	at org.apache.jmeter.util.JSR223TestElement.lambda$processFileOrScript$1(JSR223TestElement.java:225) ~[ApacheJMeter_core.jar:5.6.3]
	at com.github.benmanes.caffeine.cache.BoundedLocalCache.lambda$doComputeIfAbsent$14(BoundedLocalCache.java:2406) ~[caffeine-2.9.3.jar:?]
	at java.util.concurrent.ConcurrentHashMap.compute(Unknown Source) ~[?:1.8.0_421]
	at com.github.benmanes.caffeine.cache.BoundedLocalCache.doComputeIfAbsent(BoundedLocalCache.java:2404) ~[caffeine-2.9.3.jar:?]
	at com.github.benmanes.caffeine.cache.BoundedLocalCache.computeIfAbsent(BoundedLocalCache.java:2387) ~[caffeine-2.9.3.jar:?]
	at com.github.benmanes.caffeine.cache.LocalCache.computeIfAbsent(LocalCache.java:108) ~[caffeine-2.9.3.jar:?]
	at com.github.benmanes.caffeine.cache.LocalManualCache.get(LocalManualCache.java:62) ~[caffeine-2.9.3.jar:?]
	at org.apache.jmeter.util.JSR223TestElement.getCompiledScript(JSR223TestElement.java:252) ~[ApacheJMeter_core.jar:5.6.3]
	at org.apache.jmeter.util.JSR223TestElement.processFileOrScript(JSR223TestElement.java:223) ~[ApacheJMeter_core.jar:5.6.3]
	at org.apache.jmeter.protocol.java.sampler.JSR223Sampler.sample(JSR223Sampler.java:72) [ApacheJMeter_java.jar:5.6.3]
	at org.apache.jmeter.threads.JMeterThread.doSampling(JMeterThread.java:651) [ApacheJMeter_core.jar:5.6.3]
	at org.apache.jmeter.threads.JMeterThread.executeSamplePackage(JMeterThread.java:570) [ApacheJMeter_core.jar:5.6.3]
	at org.apache.jmeter.threads.JMeterThread.processSampler(JMeterThread.java:501) [ApacheJMeter_core.jar:5.6.3]
	at org.apache.jmeter.threads.JMeterThread.run(JMeterThread.java:268) [ApacheJMeter_core.jar:5.6.3]
	at java.lang.Thread.run(Unknown Source) [?:1.8.0_421]
	Suppressed: java.lang.IllegalStateException: Unable to compile script StringScriptCacheKey{contents='014c1f162c909a2f17e05d7bbc824e10'}
		at org.apache.jmeter.util.JSR223TestElement.getCompiledScript(JSR223TestElement.java:264) ~[ApacheJMeter_core.jar:5.6.3]
		at org.apache.jmeter.util.JSR223TestElement.processFileOrScript(JSR223TestElement.java:223) ~[ApacheJMeter_core.jar:5.6.3]
		at org.apache.jmeter.protocol.java.sampler.JSR223Sampler.sample(JSR223Sampler.java:72) [ApacheJMeter_java.jar:5.6.3]
		at org.apache.jmeter.threads.JMeterThread.doSampling(JMeterThread.java:651) [ApacheJMeter_core.jar:5.6.3]
		at org.apache.jmeter.threads.JMeterThread.executeSamplePackage(JMeterThread.java:570) [ApacheJMeter_core.jar:5.6.3]
		at org.apache.jmeter.threads.JMeterThread.processSampler(JMeterThread.java:501) [ApacheJMeter_core.jar:5.6.3]
		at org.apache.jmeter.threads.JMeterThread.run(JMeterThread.java:268) [ApacheJMeter_core.jar:5.6.3]
		at java.lang.Thread.run(Unknown Source) [?:1.8.0_421]
Caused by: org.codehaus.groovy.control.MultipleCompilationErrorsException: startup failed:
Script17.groovy: 2: unable to resolve class java.net.http.HttpClient
 @ line 2, column 1.
   import java.net.http.HttpClient
   ^

Script17.groovy: 3: unable to resolve class java.net.http.WebSocket
 @ line 3, column 1.
   import java.net.http.WebSocket
   ^

Script17.groovy: 23: unable to resolve class WebSocket.Listener
 @ line 23, column 16.
   def listener = [
                  ^

3 errors

	at org.codehaus.groovy.control.ErrorCollector.failIfErrors(ErrorCollector.java:292) ~[groovy-3.0.20.jar:3.0.20]
	at org.codehaus.groovy.control.CompilationUnit$ISourceUnitOperation.doPhaseOperation(CompilationUnit.java:915) ~[groovy-3.0.20.jar:3.0.20]
	at org.codehaus.groovy.control.CompilationUnit.compile(CompilationUnit.java:628) ~[groovy-3.0.20.jar:3.0.20]
	at groovy.lang.GroovyClassLoader.doParseClass(GroovyClassLoader.java:389) ~[groovy-3.0.20.jar:3.0.20]
	at groovy.lang.GroovyClassLoader.lambda$parseClass$3(GroovyClassLoader.java:332) ~[groovy-3.0.20.jar:3.0.20]
	at org.codehaus.groovy.runtime.memoize.StampedCommonCache.compute(StampedCommonCache.java:163) ~[groovy-3.0.20.jar:3.0.20]
	at org.codehaus.groovy.runtime.memoize.StampedCommonCache.getAndPut(StampedCommonCache.java:154) ~[groovy-3.0.20.jar:3.0.20]
	at groovy.lang.GroovyClassLoader.parseClass(GroovyClassLoader.java:330) ~[groovy-3.0.20.jar:3.0.20]
	at groovy.lang.GroovyClassLoader.parseClass(GroovyClassLoader.java:314) ~[groovy-3.0.20.jar:3.0.20]
	at groovy.lang.GroovyClassLoader.parseClass(GroovyClassLoader.java:257) ~[groovy-3.0.20.jar:3.0.20]
	at org.codehaus.groovy.jsr223.GroovyScriptEngineImpl.getScriptClass(GroovyScriptEngineImpl.java:336) ~[groovy-jsr223-3.0.20.jar:3.0.20]
	at org.codehaus.groovy.jsr223.GroovyScriptEngineImpl.compile(GroovyScriptEngineImpl.java:181) ~[groovy-jsr223-3.0.20.jar:3.0.20]
	... 15 more
2026-04-05 16:24:19,354 INFO o.a.j.t.JMeterThread: Thread is done: WebSocket Clients 1-18
2026-04-05 16:24:19,354 INFO o.a.j.t.JMeterThread: Thread finished: WebSocket Clients 1-18
2026-04-05 16:24:19,371 INFO o.a.j.t.JMeterThread: Thread started: WebSocket Clients 1-19
2026-04-05 16:24:19,858 ERROR o.a.j.p.j.s.JSR223Sampler: Problem in JSR223 script Open WebSocket And Join Group, message: javax.script.ScriptException: org.codehaus.groovy.control.MultipleCompilationErrorsException: startup failed:
Script18.groovy: 2: unable to resolve class java.net.http.HttpClient
 @ line 2, column 1.
   import java.net.http.HttpClient
   ^

Script18.groovy: 3: unable to resolve class java.net.http.WebSocket
 @ line 3, column 1.
   import java.net.http.WebSocket
   ^

Script18.groovy: 23: unable to resolve class WebSocket.Listener
 @ line 23, column 16.
   def listener = [
                  ^

3 errors

javax.script.ScriptException: org.codehaus.groovy.control.MultipleCompilationErrorsException: startup failed:
Script18.groovy: 2: unable to resolve class java.net.http.HttpClient
 @ line 2, column 1.
   import java.net.http.HttpClient
   ^

Script18.groovy: 3: unable to resolve class java.net.http.WebSocket
 @ line 3, column 1.
   import java.net.http.WebSocket
   ^

Script18.groovy: 23: unable to resolve class WebSocket.Listener
 @ line 23, column 16.
   def listener = [
                  ^

3 errors

	at org.codehaus.groovy.jsr223.GroovyScriptEngineImpl.compile(GroovyScriptEngineImpl.java:183) ~[groovy-jsr223-3.0.20.jar:3.0.20]
	at org.apache.jmeter.util.JSR223TestElement.lambda$processFileOrScript$1(JSR223TestElement.java:225) ~[ApacheJMeter_core.jar:5.6.3]
	at com.github.benmanes.caffeine.cache.BoundedLocalCache.lambda$doComputeIfAbsent$14(BoundedLocalCache.java:2406) ~[caffeine-2.9.3.jar:?]
	at java.util.concurrent.ConcurrentHashMap.compute(Unknown Source) ~[?:1.8.0_421]
	at com.github.benmanes.caffeine.cache.BoundedLocalCache.doComputeIfAbsent(BoundedLocalCache.java:2404) ~[caffeine-2.9.3.jar:?]
	at com.github.benmanes.caffeine.cache.BoundedLocalCache.computeIfAbsent(BoundedLocalCache.java:2387) ~[caffeine-2.9.3.jar:?]
	at com.github.benmanes.caffeine.cache.LocalCache.computeIfAbsent(LocalCache.java:108) ~[caffeine-2.9.3.jar:?]
	at com.github.benmanes.caffeine.cache.LocalManualCache.get(LocalManualCache.java:62) ~[caffeine-2.9.3.jar:?]
	at org.apache.jmeter.util.JSR223TestElement.getCompiledScript(JSR223TestElement.java:252) ~[ApacheJMeter_core.jar:5.6.3]
	at org.apache.jmeter.util.JSR223TestElement.processFileOrScript(JSR223TestElement.java:223) ~[ApacheJMeter_core.jar:5.6.3]
	at org.apache.jmeter.protocol.java.sampler.JSR223Sampler.sample(JSR223Sampler.java:72) [ApacheJMeter_java.jar:5.6.3]
	at org.apache.jmeter.threads.JMeterThread.doSampling(JMeterThread.java:651) [ApacheJMeter_core.jar:5.6.3]
	at org.apache.jmeter.threads.JMeterThread.executeSamplePackage(JMeterThread.java:570) [ApacheJMeter_core.jar:5.6.3]
	at org.apache.jmeter.threads.JMeterThread.processSampler(JMeterThread.java:501) [ApacheJMeter_core.jar:5.6.3]
	at org.apache.jmeter.threads.JMeterThread.run(JMeterThread.java:268) [ApacheJMeter_core.jar:5.6.3]
	at java.lang.Thread.run(Unknown Source) [?:1.8.0_421]
	Suppressed: java.lang.IllegalStateException: Unable to compile script StringScriptCacheKey{contents='c77031c84eaa79fdef5b7fb74ea85e6d'}
		at org.apache.jmeter.util.JSR223TestElement.getCompiledScript(JSR223TestElement.java:264) ~[ApacheJMeter_core.jar:5.6.3]
		at org.apache.jmeter.util.JSR223TestElement.processFileOrScript(JSR223TestElement.java:223) ~[ApacheJMeter_core.jar:5.6.3]
		at org.apache.jmeter.protocol.java.sampler.JSR223Sampler.sample(JSR223Sampler.java:72) [ApacheJMeter_java.jar:5.6.3]
		at org.apache.jmeter.threads.JMeterThread.doSampling(JMeterThread.java:651) [ApacheJMeter_core.jar:5.6.3]
		at org.apache.jmeter.threads.JMeterThread.executeSamplePackage(JMeterThread.java:570) [ApacheJMeter_core.jar:5.6.3]
		at org.apache.jmeter.threads.JMeterThread.processSampler(JMeterThread.java:501) [ApacheJMeter_core.jar:5.6.3]
		at org.apache.jmeter.threads.JMeterThread.run(JMeterThread.java:268) [ApacheJMeter_core.jar:5.6.3]
		at java.lang.Thread.run(Unknown Source) [?:1.8.0_421]
Caused by: org.codehaus.groovy.control.MultipleCompilationErrorsException: startup failed:
Script18.groovy: 2: unable to resolve class java.net.http.HttpClient
 @ line 2, column 1.
   import java.net.http.HttpClient
   ^

Script18.groovy: 3: unable to resolve class java.net.http.WebSocket
 @ line 3, column 1.
   import java.net.http.WebSocket
   ^

Script18.groovy: 23: unable to resolve class WebSocket.Listener
 @ line 23, column 16.
   def listener = [
                  ^

3 errors

	at org.codehaus.groovy.control.ErrorCollector.failIfErrors(ErrorCollector.java:292) ~[groovy-3.0.20.jar:3.0.20]
	at org.codehaus.groovy.control.CompilationUnit$ISourceUnitOperation.doPhaseOperation(CompilationUnit.java:915) ~[groovy-3.0.20.jar:3.0.20]
	at org.codehaus.groovy.control.CompilationUnit.compile(CompilationUnit.java:628) ~[groovy-3.0.20.jar:3.0.20]
	at groovy.lang.GroovyClassLoader.doParseClass(GroovyClassLoader.java:389) ~[groovy-3.0.20.jar:3.0.20]
	at groovy.lang.GroovyClassLoader.lambda$parseClass$3(GroovyClassLoader.java:332) ~[groovy-3.0.20.jar:3.0.20]
	at org.codehaus.groovy.runtime.memoize.StampedCommonCache.compute(StampedCommonCache.java:163) ~[groovy-3.0.20.jar:3.0.20]
	at org.codehaus.groovy.runtime.memoize.StampedCommonCache.getAndPut(StampedCommonCache.java:154) ~[groovy-3.0.20.jar:3.0.20]
	at groovy.lang.GroovyClassLoader.parseClass(GroovyClassLoader.java:330) ~[groovy-3.0.20.jar:3.0.20]
	at groovy.lang.GroovyClassLoader.parseClass(GroovyClassLoader.java:314) ~[groovy-3.0.20.jar:3.0.20]
	at groovy.lang.GroovyClassLoader.parseClass(GroovyClassLoader.java:257) ~[groovy-3.0.20.jar:3.0.20]
	at org.codehaus.groovy.jsr223.GroovyScriptEngineImpl.getScriptClass(GroovyScriptEngineImpl.java:336) ~[groovy-jsr223-3.0.20.jar:3.0.20]
	at org.codehaus.groovy.jsr223.GroovyScriptEngineImpl.compile(GroovyScriptEngineImpl.java:181) ~[groovy-jsr223-3.0.20.jar:3.0.20]
	... 15 more
2026-04-05 16:24:19,861 INFO o.a.j.t.JMeterThread: Thread is done: WebSocket Clients 1-17
2026-04-05 16:24:19,861 INFO o.a.j.t.JMeterThread: Thread finished: WebSocket Clients 1-17
2026-04-05 16:24:19,988 INFO o.a.j.t.JMeterThread: Thread started: WebSocket Clients 1-20
2026-04-05 16:24:20,420 ERROR o.a.j.p.j.s.JSR223Sampler: Problem in JSR223 script Open WebSocket And Join Group, message: javax.script.ScriptException: org.codehaus.groovy.control.MultipleCompilationErrorsException: startup failed:
Script19.groovy: 2: unable to resolve class java.net.http.HttpClient
 @ line 2, column 1.
   import java.net.http.HttpClient
   ^

Script19.groovy: 3: unable to resolve class java.net.http.WebSocket
 @ line 3, column 1.
   import java.net.http.WebSocket
   ^

Script19.groovy: 23: unable to resolve class WebSocket.Listener
 @ line 23, column 16.
   def listener = [
                  ^

3 errors

javax.script.ScriptException: org.codehaus.groovy.control.MultipleCompilationErrorsException: startup failed:
Script19.groovy: 2: unable to resolve class java.net.http.HttpClient
 @ line 2, column 1.
   import java.net.http.HttpClient
   ^

Script19.groovy: 3: unable to resolve class java.net.http.WebSocket
 @ line 3, column 1.
   import java.net.http.WebSocket
   ^

Script19.groovy: 23: unable to resolve class WebSocket.Listener
 @ line 23, column 16.
   def listener = [
                  ^

3 errors

	at org.codehaus.groovy.jsr223.GroovyScriptEngineImpl.compile(GroovyScriptEngineImpl.java:183) ~[groovy-jsr223-3.0.20.jar:3.0.20]
	at org.apache.jmeter.util.JSR223TestElement.lambda$processFileOrScript$1(JSR223TestElement.java:225) ~[ApacheJMeter_core.jar:5.6.3]
	at com.github.benmanes.caffeine.cache.BoundedLocalCache.lambda$doComputeIfAbsent$14(BoundedLocalCache.java:2406) ~[caffeine-2.9.3.jar:?]
	at java.util.concurrent.ConcurrentHashMap.compute(Unknown Source) ~[?:1.8.0_421]
	at com.github.benmanes.caffeine.cache.BoundedLocalCache.doComputeIfAbsent(BoundedLocalCache.java:2404) ~[caffeine-2.9.3.jar:?]
	at com.github.benmanes.caffeine.cache.BoundedLocalCache.computeIfAbsent(BoundedLocalCache.java:2387) ~[caffeine-2.9.3.jar:?]
	at com.github.benmanes.caffeine.cache.LocalCache.computeIfAbsent(LocalCache.java:108) ~[caffeine-2.9.3.jar:?]
	at com.github.benmanes.caffeine.cache.LocalManualCache.get(LocalManualCache.java:62) ~[caffeine-2.9.3.jar:?]
	at org.apache.jmeter.util.JSR223TestElement.getCompiledScript(JSR223TestElement.java:252) ~[ApacheJMeter_core.jar:5.6.3]
	at org.apache.jmeter.util.JSR223TestElement.processFileOrScript(JSR223TestElement.java:223) ~[ApacheJMeter_core.jar:5.6.3]
	at org.apache.jmeter.protocol.java.sampler.JSR223Sampler.sample(JSR223Sampler.java:72) [ApacheJMeter_java.jar:5.6.3]
	at org.apache.jmeter.threads.JMeterThread.doSampling(JMeterThread.java:651) [ApacheJMeter_core.jar:5.6.3]
	at org.apache.jmeter.threads.JMeterThread.executeSamplePackage(JMeterThread.java:570) [ApacheJMeter_core.jar:5.6.3]
	at org.apache.jmeter.threads.JMeterThread.processSampler(JMeterThread.java:501) [ApacheJMeter_core.jar:5.6.3]
	at org.apache.jmeter.threads.JMeterThread.run(JMeterThread.java:268) [ApacheJMeter_core.jar:5.6.3]
	at java.lang.Thread.run(Unknown Source) [?:1.8.0_421]
	Suppressed: java.lang.IllegalStateException: Unable to compile script StringScriptCacheKey{contents='b48fa167062d4d3014c121ca6bd42b79'}
		at org.apache.jmeter.util.JSR223TestElement.getCompiledScript(JSR223TestElement.java:264) ~[ApacheJMeter_core.jar:5.6.3]
		at org.apache.jmeter.util.JSR223TestElement.processFileOrScript(JSR223TestElement.java:223) ~[ApacheJMeter_core.jar:5.6.3]
		at org.apache.jmeter.protocol.java.sampler.JSR223Sampler.sample(JSR223Sampler.java:72) [ApacheJMeter_java.jar:5.6.3]
		at org.apache.jmeter.threads.JMeterThread.doSampling(JMeterThread.java:651) [ApacheJMeter_core.jar:5.6.3]
		at org.apache.jmeter.threads.JMeterThread.executeSamplePackage(JMeterThread.java:570) [ApacheJMeter_core.jar:5.6.3]
		at org.apache.jmeter.threads.JMeterThread.processSampler(JMeterThread.java:501) [ApacheJMeter_core.jar:5.6.3]
		at org.apache.jmeter.threads.JMeterThread.run(JMeterThread.java:268) [ApacheJMeter_core.jar:5.6.3]
		at java.lang.Thread.run(Unknown Source) [?:1.8.0_421]
Caused by: org.codehaus.groovy.control.MultipleCompilationErrorsException: startup failed:
Script19.groovy: 2: unable to resolve class java.net.http.HttpClient
 @ line 2, column 1.
   import java.net.http.HttpClient
   ^

Script19.groovy: 3: unable to resolve class java.net.http.WebSocket
 @ line 3, column 1.
   import java.net.http.WebSocket
   ^

Script19.groovy: 23: unable to resolve class WebSocket.Listener
 @ line 23, column 16.
   def listener = [
                  ^

3 errors

	at org.codehaus.groovy.control.ErrorCollector.failIfErrors(ErrorCollector.java:292) ~[groovy-3.0.20.jar:3.0.20]
	at org.codehaus.groovy.control.CompilationUnit$ISourceUnitOperation.doPhaseOperation(CompilationUnit.java:915) ~[groovy-3.0.20.jar:3.0.20]
	at org.codehaus.groovy.control.CompilationUnit.compile(CompilationUnit.java:628) ~[groovy-3.0.20.jar:3.0.20]
	at groovy.lang.GroovyClassLoader.doParseClass(GroovyClassLoader.java:389) ~[groovy-3.0.20.jar:3.0.20]
	at groovy.lang.GroovyClassLoader.lambda$parseClass$3(GroovyClassLoader.java:332) ~[groovy-3.0.20.jar:3.0.20]
	at org.codehaus.groovy.runtime.memoize.StampedCommonCache.compute(StampedCommonCache.java:163) ~[groovy-3.0.20.jar:3.0.20]
	at org.codehaus.groovy.runtime.memoize.StampedCommonCache.getAndPut(StampedCommonCache.java:154) ~[groovy-3.0.20.jar:3.0.20]
	at groovy.lang.GroovyClassLoader.parseClass(GroovyClassLoader.java:330) ~[groovy-3.0.20.jar:3.0.20]
	at groovy.lang.GroovyClassLoader.parseClass(GroovyClassLoader.java:314) ~[groovy-3.0.20.jar:3.0.20]
	at groovy.lang.GroovyClassLoader.parseClass(GroovyClassLoader.java:257) ~[groovy-3.0.20.jar:3.0.20]
	at org.codehaus.groovy.jsr223.GroovyScriptEngineImpl.getScriptClass(GroovyScriptEngineImpl.java:336) ~[groovy-jsr223-3.0.20.jar:3.0.20]
	at org.codehaus.groovy.jsr223.GroovyScriptEngineImpl.compile(GroovyScriptEngineImpl.java:181) ~[groovy-jsr223-3.0.20.jar:3.0.20]
	... 15 more
2026-04-05 16:24:20,421 INFO o.a.j.t.JMeterThread: Thread is done: WebSocket Clients 1-20
2026-04-05 16:24:20,421 INFO o.a.j.t.JMeterThread: Thread finished: WebSocket Clients 1-20
2026-04-05 16:24:20,579 INFO o.a.j.t.JMeterThread: Thread started: WebSocket Clients 1-21
2026-04-05 16:24:20,766 ERROR o.a.j.p.j.s.JSR223Sampler: Problem in JSR223 script Open WebSocket And Join Group, message: javax.script.ScriptException: org.codehaus.groovy.control.MultipleCompilationErrorsException: startup failed:
Script20.groovy: 2: unable to resolve class java.net.http.HttpClient
 @ line 2, column 1.
   import java.net.http.HttpClient
   ^

Script20.groovy: 3: unable to resolve class java.net.http.WebSocket
 @ line 3, column 1.
   import java.net.http.WebSocket
   ^

Script20.groovy: 23: unable to resolve class WebSocket.Listener
 @ line 23, column 16.
   def listener = [
                  ^

3 errors

javax.script.ScriptException: org.codehaus.groovy.control.MultipleCompilationErrorsException: startup failed:
Script20.groovy: 2: unable to resolve class java.net.http.HttpClient
 @ line 2, column 1.
   import java.net.http.HttpClient
   ^

Script20.groovy: 3: unable to resolve class java.net.http.WebSocket
 @ line 3, column 1.
   import java.net.http.WebSocket
   ^

Script20.groovy: 23: unable to resolve class WebSocket.Listener
 @ line 23, column 16.
   def listener = [
                  ^

3 errors

	at org.codehaus.groovy.jsr223.GroovyScriptEngineImpl.compile(GroovyScriptEngineImpl.java:183) ~[groovy-jsr223-3.0.20.jar:3.0.20]
	at org.apache.jmeter.util.JSR223TestElement.lambda$processFileOrScript$1(JSR223TestElement.java:225) ~[ApacheJMeter_core.jar:5.6.3]
	at com.github.benmanes.caffeine.cache.BoundedLocalCache.lambda$doComputeIfAbsent$14(BoundedLocalCache.java:2406) ~[caffeine-2.9.3.jar:?]
	at java.util.concurrent.ConcurrentHashMap.compute(Unknown Source) ~[?:1.8.0_421]
	at com.github.benmanes.caffeine.cache.BoundedLocalCache.doComputeIfAbsent(BoundedLocalCache.java:2404) ~[caffeine-2.9.3.jar:?]
	at com.github.benmanes.caffeine.cache.BoundedLocalCache.computeIfAbsent(BoundedLocalCache.java:2387) ~[caffeine-2.9.3.jar:?]
	at com.github.benmanes.caffeine.cache.LocalCache.computeIfAbsent(LocalCache.java:108) ~[caffeine-2.9.3.jar:?]
	at com.github.benmanes.caffeine.cache.LocalManualCache.get(LocalManualCache.java:62) ~[caffeine-2.9.3.jar:?]
	at org.apache.jmeter.util.JSR223TestElement.getCompiledScript(JSR223TestElement.java:252) ~[ApacheJMeter_core.jar:5.6.3]
	at org.apache.jmeter.util.JSR223TestElement.processFileOrScript(JSR223TestElement.java:223) ~[ApacheJMeter_core.jar:5.6.3]
	at org.apache.jmeter.protocol.java.sampler.JSR223Sampler.sample(JSR223Sampler.java:72) [ApacheJMeter_java.jar:5.6.3]
	at org.apache.jmeter.threads.JMeterThread.doSampling(JMeterThread.java:651) [ApacheJMeter_core.jar:5.6.3]
	at org.apache.jmeter.threads.JMeterThread.executeSamplePackage(JMeterThread.java:570) [ApacheJMeter_core.jar:5.6.3]
	at org.apache.jmeter.threads.JMeterThread.processSampler(JMeterThread.java:501) [ApacheJMeter_core.jar:5.6.3]
	at org.apache.jmeter.threads.JMeterThread.run(JMeterThread.java:268) [ApacheJMeter_core.jar:5.6.3]
	at java.lang.Thread.run(Unknown Source) [?:1.8.0_421]
	Suppressed: java.lang.IllegalStateException: Unable to compile script StringScriptCacheKey{contents='89daf07136b5f339272dc1586a2bfe7d'}
		at org.apache.jmeter.util.JSR223TestElement.getCompiledScript(JSR223TestElement.java:264) ~[ApacheJMeter_core.jar:5.6.3]
		at org.apache.jmeter.util.JSR223TestElement.processFileOrScript(JSR223TestElement.java:223) ~[ApacheJMeter_core.jar:5.6.3]
		at org.apache.jmeter.protocol.java.sampler.JSR223Sampler.sample(JSR223Sampler.java:72) [ApacheJMeter_java.jar:5.6.3]
		at org.apache.jmeter.threads.JMeterThread.doSampling(JMeterThread.java:651) [ApacheJMeter_core.jar:5.6.3]
		at org.apache.jmeter.threads.JMeterThread.executeSamplePackage(JMeterThread.java:570) [ApacheJMeter_core.jar:5.6.3]
		at org.apache.jmeter.threads.JMeterThread.processSampler(JMeterThread.java:501) [ApacheJMeter_core.jar:5.6.3]
		at org.apache.jmeter.threads.JMeterThread.run(JMeterThread.java:268) [ApacheJMeter_core.jar:5.6.3]
		at java.lang.Thread.run(Unknown Source) [?:1.8.0_421]
Caused by: org.codehaus.groovy.control.MultipleCompilationErrorsException: startup failed:
Script20.groovy: 2: unable to resolve class java.net.http.HttpClient
 @ line 2, column 1.
   import java.net.http.HttpClient
   ^

Script20.groovy: 3: unable to resolve class java.net.http.WebSocket
 @ line 3, column 1.
   import java.net.http.WebSocket
   ^

Script20.groovy: 23: unable to resolve class WebSocket.Listener
 @ line 23, column 16.
   def listener = [
                  ^

3 errors

	at org.codehaus.groovy.control.ErrorCollector.failIfErrors(ErrorCollector.java:292) ~[groovy-3.0.20.jar:3.0.20]
	at org.codehaus.groovy.control.CompilationUnit$ISourceUnitOperation.doPhaseOperation(CompilationUnit.java:915) ~[groovy-3.0.20.jar:3.0.20]
	at org.codehaus.groovy.control.CompilationUnit.compile(CompilationUnit.java:628) ~[groovy-3.0.20.jar:3.0.20]
	at groovy.lang.GroovyClassLoader.doParseClass(GroovyClassLoader.java:389) ~[groovy-3.0.20.jar:3.0.20]
	at groovy.lang.GroovyClassLoader.lambda$parseClass$3(GroovyClassLoader.java:332) ~[groovy-3.0.20.jar:3.0.20]
	at org.codehaus.groovy.runtime.memoize.StampedCommonCache.compute(StampedCommonCache.java:163) ~[groovy-3.0.20.jar:3.0.20]
	at org.codehaus.groovy.runtime.memoize.StampedCommonCache.getAndPut(StampedCommonCache.java:154) ~[groovy-3.0.20.jar:3.0.20]
	at groovy.lang.GroovyClassLoader.parseClass(GroovyClassLoader.java:330) ~[groovy-3.0.20.jar:3.0.20]
	at groovy.lang.GroovyClassLoader.parseClass(GroovyClassLoader.java:314) ~[groovy-3.0.20.jar:3.0.20]
	at groovy.lang.GroovyClassLoader.parseClass(GroovyClassLoader.java:257) ~[groovy-3.0.20.jar:3.0.20]
	at org.codehaus.groovy.jsr223.GroovyScriptEngineImpl.getScriptClass(GroovyScriptEngineImpl.java:336) ~[groovy-jsr223-3.0.20.jar:3.0.20]
	at org.codehaus.groovy.jsr223.GroovyScriptEngineImpl.compile(GroovyScriptEngineImpl.java:181) ~[groovy-jsr223-3.0.20.jar:3.0.20]
	... 15 more
2026-04-05 16:24:20,768 INFO o.a.j.t.JMeterThread: Thread is done: WebSocket Clients 1-19
2026-04-05 16:24:20,769 INFO o.a.j.t.JMeterThread: Thread finished: WebSocket Clients 1-19
2026-04-05 16:24:21,164 INFO o.a.j.t.JMeterThread: Thread started: WebSocket Clients 1-22
2026-04-05 16:24:21,594 ERROR o.a.j.p.j.s.JSR223Sampler: Problem in JSR223 script Open WebSocket And Join Group, message: javax.script.ScriptException: org.codehaus.groovy.control.MultipleCompilationErrorsException: startup failed:
Script21.groovy: 2: unable to resolve class java.net.http.HttpClient
 @ line 2, column 1.
   import java.net.http.HttpClient
   ^

Script21.groovy: 3: unable to resolve class java.net.http.WebSocket
 @ line 3, column 1.
   import java.net.http.WebSocket
   ^

Script21.groovy: 23: unable to resolve class WebSocket.Listener
 @ line 23, column 16.
   def listener = [
                  ^

3 errors

javax.script.ScriptException: org.codehaus.groovy.control.MultipleCompilationErrorsException: startup failed:
Script21.groovy: 2: unable to resolve class java.net.http.HttpClient
 @ line 2, column 1.
   import java.net.http.HttpClient
   ^

Script21.groovy: 3: unable to resolve class java.net.http.WebSocket
 @ line 3, column 1.
   import java.net.http.WebSocket
   ^

Script21.groovy: 23: unable to resolve class WebSocket.Listener
 @ line 23, column 16.
   def listener = [
                  ^

3 errors

	at org.codehaus.groovy.jsr223.GroovyScriptEngineImpl.compile(GroovyScriptEngineImpl.java:183) ~[groovy-jsr223-3.0.20.jar:3.0.20]
	at org.apache.jmeter.util.JSR223TestElement.lambda$processFileOrScript$1(JSR223TestElement.java:225) ~[ApacheJMeter_core.jar:5.6.3]
	at com.github.benmanes.caffeine.cache.BoundedLocalCache.lambda$doComputeIfAbsent$14(BoundedLocalCache.java:2406) ~[caffeine-2.9.3.jar:?]
	at java.util.concurrent.ConcurrentHashMap.compute(Unknown Source) ~[?:1.8.0_421]
	at com.github.benmanes.caffeine.cache.BoundedLocalCache.doComputeIfAbsent(BoundedLocalCache.java:2404) ~[caffeine-2.9.3.jar:?]
	at com.github.benmanes.caffeine.cache.BoundedLocalCache.computeIfAbsent(BoundedLocalCache.java:2387) ~[caffeine-2.9.3.jar:?]
	at com.github.benmanes.caffeine.cache.LocalCache.computeIfAbsent(LocalCache.java:108) ~[caffeine-2.9.3.jar:?]
	at com.github.benmanes.caffeine.cache.LocalManualCache.get(LocalManualCache.java:62) ~[caffeine-2.9.3.jar:?]
	at org.apache.jmeter.util.JSR223TestElement.getCompiledScript(JSR223TestElement.java:252) ~[ApacheJMeter_core.jar:5.6.3]
	at org.apache.jmeter.util.JSR223TestElement.processFileOrScript(JSR223TestElement.java:223) ~[ApacheJMeter_core.jar:5.6.3]
	at org.apache.jmeter.protocol.java.sampler.JSR223Sampler.sample(JSR223Sampler.java:72) [ApacheJMeter_java.jar:5.6.3]
	at org.apache.jmeter.threads.JMeterThread.doSampling(JMeterThread.java:651) [ApacheJMeter_core.jar:5.6.3]
	at org.apache.jmeter.threads.JMeterThread.executeSamplePackage(JMeterThread.java:570) [ApacheJMeter_core.jar:5.6.3]
	at org.apache.jmeter.threads.JMeterThread.processSampler(JMeterThread.java:501) [ApacheJMeter_core.jar:5.6.3]
	at org.apache.jmeter.threads.JMeterThread.run(JMeterThread.java:268) [ApacheJMeter_core.jar:5.6.3]
	at java.lang.Thread.run(Unknown Source) [?:1.8.0_421]
	Suppressed: java.lang.IllegalStateException: Unable to compile script StringScriptCacheKey{contents='58cb05f406f4e88903124d684bc09a41'}
		at org.apache.jmeter.util.JSR223TestElement.getCompiledScript(JSR223TestElement.java:264) ~[ApacheJMeter_core.jar:5.6.3]
		at org.apache.jmeter.util.JSR223TestElement.processFileOrScript(JSR223TestElement.java:223) ~[ApacheJMeter_core.jar:5.6.3]
		at org.apache.jmeter.protocol.java.sampler.JSR223Sampler.sample(JSR223Sampler.java:72) [ApacheJMeter_java.jar:5.6.3]
		at org.apache.jmeter.threads.JMeterThread.doSampling(JMeterThread.java:651) [ApacheJMeter_core.jar:5.6.3]
		at org.apache.jmeter.threads.JMeterThread.executeSamplePackage(JMeterThread.java:570) [ApacheJMeter_core.jar:5.6.3]
		at org.apache.jmeter.threads.JMeterThread.processSampler(JMeterThread.java:501) [ApacheJMeter_core.jar:5.6.3]
		at org.apache.jmeter.threads.JMeterThread.run(JMeterThread.java:268) [ApacheJMeter_core.jar:5.6.3]
		at java.lang.Thread.run(Unknown Source) [?:1.8.0_421]
Caused by: org.codehaus.groovy.control.MultipleCompilationErrorsException: startup failed:
Script21.groovy: 2: unable to resolve class java.net.http.HttpClient
 @ line 2, column 1.
   import java.net.http.HttpClient
   ^

Script21.groovy: 3: unable to resolve class java.net.http.WebSocket
 @ line 3, column 1.
   import java.net.http.WebSocket
   ^

Script21.groovy: 23: unable to resolve class WebSocket.Listener
 @ line 23, column 16.
   def listener = [
                  ^

3 errors

	at org.codehaus.groovy.control.ErrorCollector.failIfErrors(ErrorCollector.java:292) ~[groovy-3.0.20.jar:3.0.20]
	at org.codehaus.groovy.control.CompilationUnit$ISourceUnitOperation.doPhaseOperation(CompilationUnit.java:915) ~[groovy-3.0.20.jar:3.0.20]
	at org.codehaus.groovy.control.CompilationUnit.compile(CompilationUnit.java:628) ~[groovy-3.0.20.jar:3.0.20]
	at groovy.lang.GroovyClassLoader.doParseClass(GroovyClassLoader.java:389) ~[groovy-3.0.20.jar:3.0.20]
	at groovy.lang.GroovyClassLoader.lambda$parseClass$3(GroovyClassLoader.java:332) ~[groovy-3.0.20.jar:3.0.20]
	at org.codehaus.groovy.runtime.memoize.StampedCommonCache.compute(StampedCommonCache.java:163) ~[groovy-3.0.20.jar:3.0.20]
	at org.codehaus.groovy.runtime.memoize.StampedCommonCache.getAndPut(StampedCommonCache.java:154) ~[groovy-3.0.20.jar:3.0.20]
	at groovy.lang.GroovyClassLoader.parseClass(GroovyClassLoader.java:330) ~[groovy-3.0.20.jar:3.0.20]
	at groovy.lang.GroovyClassLoader.parseClass(GroovyClassLoader.java:314) ~[groovy-3.0.20.jar:3.0.20]
	at groovy.lang.GroovyClassLoader.parseClass(GroovyClassLoader.java:257) ~[groovy-3.0.20.jar:3.0.20]
	at org.codehaus.groovy.jsr223.GroovyScriptEngineImpl.getScriptClass(GroovyScriptEngineImpl.java:336) ~[groovy-jsr223-3.0.20.jar:3.0.20]
	at org.codehaus.groovy.jsr223.GroovyScriptEngineImpl.compile(GroovyScriptEngineImpl.java:181) ~[groovy-jsr223-3.0.20.jar:3.0.20]
	... 15 more
2026-04-05 16:24:21,595 INFO o.a.j.t.JMeterThread: Thread is done: WebSocket Clients 1-22
2026-04-05 16:24:21,595 INFO o.a.j.t.JMeterThread: Thread finished: WebSocket Clients 1-22
2026-04-05 16:24:21,758 INFO o.a.j.t.JMeterThread: Thread started: WebSocket Clients 1-23
2026-04-05 16:24:21,954 ERROR o.a.j.p.j.s.JSR223Sampler: Problem in JSR223 script Open WebSocket And Join Group, message: javax.script.ScriptException: org.codehaus.groovy.control.MultipleCompilationErrorsException: startup failed:
Script22.groovy: 2: unable to resolve class java.net.http.HttpClient
 @ line 2, column 1.
   import java.net.http.HttpClient
   ^

Script22.groovy: 3: unable to resolve class java.net.http.WebSocket
 @ line 3, column 1.
   import java.net.http.WebSocket
   ^

Script22.groovy: 23: unable to resolve class WebSocket.Listener
 @ line 23, column 16.
   def listener = [
                  ^

3 errors

javax.script.ScriptException: org.codehaus.groovy.control.MultipleCompilationErrorsException: startup failed:
Script22.groovy: 2: unable to resolve class java.net.http.HttpClient
 @ line 2, column 1.
   import java.net.http.HttpClient
   ^

Script22.groovy: 3: unable to resolve class java.net.http.WebSocket
 @ line 3, column 1.
   import java.net.http.WebSocket
   ^

Script22.groovy: 23: unable to resolve class WebSocket.Listener
 @ line 23, column 16.
   def listener = [
                  ^

3 errors

	at org.codehaus.groovy.jsr223.GroovyScriptEngineImpl.compile(GroovyScriptEngineImpl.java:183) ~[groovy-jsr223-3.0.20.jar:3.0.20]
	at org.apache.jmeter.util.JSR223TestElement.lambda$processFileOrScript$1(JSR223TestElement.java:225) ~[ApacheJMeter_core.jar:5.6.3]
	at com.github.benmanes.caffeine.cache.BoundedLocalCache.lambda$doComputeIfAbsent$14(BoundedLocalCache.java:2406) ~[caffeine-2.9.3.jar:?]
	at java.util.concurrent.ConcurrentHashMap.compute(Unknown Source) ~[?:1.8.0_421]
	at com.github.benmanes.caffeine.cache.BoundedLocalCache.doComputeIfAbsent(BoundedLocalCache.java:2404) ~[caffeine-2.9.3.jar:?]
	at com.github.benmanes.caffeine.cache.BoundedLocalCache.computeIfAbsent(BoundedLocalCache.java:2387) ~[caffeine-2.9.3.jar:?]
	at com.github.benmanes.caffeine.cache.LocalCache.computeIfAbsent(LocalCache.java:108) ~[caffeine-2.9.3.jar:?]
	at com.github.benmanes.caffeine.cache.LocalManualCache.get(LocalManualCache.java:62) ~[caffeine-2.9.3.jar:?]
	at org.apache.jmeter.util.JSR223TestElement.getCompiledScript(JSR223TestElement.java:252) ~[ApacheJMeter_core.jar:5.6.3]
	at org.apache.jmeter.util.JSR223TestElement.processFileOrScript(JSR223TestElement.java:223) ~[ApacheJMeter_core.jar:5.6.3]
	at org.apache.jmeter.protocol.java.sampler.JSR223Sampler.sample(JSR223Sampler.java:72) [ApacheJMeter_java.jar:5.6.3]
	at org.apache.jmeter.threads.JMeterThread.doSampling(JMeterThread.java:651) [ApacheJMeter_core.jar:5.6.3]
	at org.apache.jmeter.threads.JMeterThread.executeSamplePackage(JMeterThread.java:570) [ApacheJMeter_core.jar:5.6.3]
	at org.apache.jmeter.threads.JMeterThread.processSampler(JMeterThread.java:501) [ApacheJMeter_core.jar:5.6.3]
	at org.apache.jmeter.threads.JMeterThread.run(JMeterThread.java:268) [ApacheJMeter_core.jar:5.6.3]
	at java.lang.Thread.run(Unknown Source) [?:1.8.0_421]
	Suppressed: java.lang.IllegalStateException: Unable to compile script StringScriptCacheKey{contents='c0c8cb465fc665523f49aa89d16933f6'}
		at org.apache.jmeter.util.JSR223TestElement.getCompiledScript(JSR223TestElement.java:264) ~[ApacheJMeter_core.jar:5.6.3]
		at org.apache.jmeter.util.JSR223TestElement.processFileOrScript(JSR223TestElement.java:223) ~[ApacheJMeter_core.jar:5.6.3]
		at org.apache.jmeter.protocol.java.sampler.JSR223Sampler.sample(JSR223Sampler.java:72) [ApacheJMeter_java.jar:5.6.3]
		at org.apache.jmeter.threads.JMeterThread.doSampling(JMeterThread.java:651) [ApacheJMeter_core.jar:5.6.3]
		at org.apache.jmeter.threads.JMeterThread.executeSamplePackage(JMeterThread.java:570) [ApacheJMeter_core.jar:5.6.3]
		at org.apache.jmeter.threads.JMeterThread.processSampler(JMeterThread.java:501) [ApacheJMeter_core.jar:5.6.3]
		at org.apache.jmeter.threads.JMeterThread.run(JMeterThread.java:268) [ApacheJMeter_core.jar:5.6.3]
		at java.lang.Thread.run(Unknown Source) [?:1.8.0_421]
Caused by: org.codehaus.groovy.control.MultipleCompilationErrorsException: startup failed:
Script22.groovy: 2: unable to resolve class java.net.http.HttpClient
 @ line 2, column 1.
   import java.net.http.HttpClient
   ^

Script22.groovy: 3: unable to resolve class java.net.http.WebSocket
 @ line 3, column 1.
   import java.net.http.WebSocket
   ^

Script22.groovy: 23: unable to resolve class WebSocket.Listener
 @ line 23, column 16.
   def listener = [
                  ^

3 errors

	at org.codehaus.groovy.control.ErrorCollector.failIfErrors(ErrorCollector.java:292) ~[groovy-3.0.20.jar:3.0.20]
	at org.codehaus.groovy.control.CompilationUnit$ISourceUnitOperation.doPhaseOperation(CompilationUnit.java:915) ~[groovy-3.0.20.jar:3.0.20]
	at org.codehaus.groovy.control.CompilationUnit.compile(CompilationUnit.java:628) ~[groovy-3.0.20.jar:3.0.20]
	at groovy.lang.GroovyClassLoader.doParseClass(GroovyClassLoader.java:389) ~[groovy-3.0.20.jar:3.0.20]
	at groovy.lang.GroovyClassLoader.lambda$parseClass$3(GroovyClassLoader.java:332) ~[groovy-3.0.20.jar:3.0.20]
	at org.codehaus.groovy.runtime.memoize.StampedCommonCache.compute(StampedCommonCache.java:163) ~[groovy-3.0.20.jar:3.0.20]
	at org.codehaus.groovy.runtime.memoize.StampedCommonCache.getAndPut(StampedCommonCache.java:154) ~[groovy-3.0.20.jar:3.0.20]
	at groovy.lang.GroovyClassLoader.parseClass(GroovyClassLoader.java:330) ~[groovy-3.0.20.jar:3.0.20]
	at groovy.lang.GroovyClassLoader.parseClass(GroovyClassLoader.java:314) ~[groovy-3.0.20.jar:3.0.20]
	at groovy.lang.GroovyClassLoader.parseClass(GroovyClassLoader.java:257) ~[groovy-3.0.20.jar:3.0.20]
	at org.codehaus.groovy.jsr223.GroovyScriptEngineImpl.getScriptClass(GroovyScriptEngineImpl.java:336) ~[groovy-jsr223-3.0.20.jar:3.0.20]
	at org.codehaus.groovy.jsr223.GroovyScriptEngineImpl.compile(GroovyScriptEngineImpl.java:181) ~[groovy-jsr223-3.0.20.jar:3.0.20]
	... 15 more
2026-04-05 16:24:21,957 INFO o.a.j.t.JMeterThread: Thread is done: WebSocket Clients 1-21
2026-04-05 16:24:21,957 INFO o.a.j.t.JMeterThread: Thread finished: WebSocket Clients 1-21
2026-04-05 16:24:22,347 INFO o.a.j.t.JMeterThread: Thread started: WebSocket Clients 1-24
2026-04-05 16:24:22,953 INFO o.a.j.t.JMeterThread: Thread started: WebSocket Clients 1-25
2026-04-05 16:24:23,059 ERROR o.a.j.p.j.s.JSR223Sampler: Problem in JSR223 script Open WebSocket And Join Group, message: javax.script.ScriptException: org.codehaus.groovy.control.MultipleCompilationErrorsException: startup failed:
Script23.groovy: 2: unable to resolve class java.net.http.HttpClient
 @ line 2, column 1.
   import java.net.http.HttpClient
   ^

Script23.groovy: 3: unable to resolve class java.net.http.WebSocket
 @ line 3, column 1.
   import java.net.http.WebSocket
   ^

Script23.groovy: 23: unable to resolve class WebSocket.Listener
 @ line 23, column 16.
   def listener = [
                  ^

3 errors

javax.script.ScriptException: org.codehaus.groovy.control.MultipleCompilationErrorsException: startup failed:
Script23.groovy: 2: unable to resolve class java.net.http.HttpClient
 @ line 2, column 1.
   import java.net.http.HttpClient
   ^

Script23.groovy: 3: unable to resolve class java.net.http.WebSocket
 @ line 3, column 1.
   import java.net.http.WebSocket
   ^

Script23.groovy: 23: unable to resolve class WebSocket.Listener
 @ line 23, column 16.
   def listener = [
                  ^

3 errors

	at org.codehaus.groovy.jsr223.GroovyScriptEngineImpl.compile(GroovyScriptEngineImpl.java:183) ~[groovy-jsr223-3.0.20.jar:3.0.20]
	at org.apache.jmeter.util.JSR223TestElement.lambda$processFileOrScript$1(JSR223TestElement.java:225) ~[ApacheJMeter_core.jar:5.6.3]
	at com.github.benmanes.caffeine.cache.BoundedLocalCache.lambda$doComputeIfAbsent$14(BoundedLocalCache.java:2406) ~[caffeine-2.9.3.jar:?]
	at java.util.concurrent.ConcurrentHashMap.compute(Unknown Source) ~[?:1.8.0_421]
	at com.github.benmanes.caffeine.cache.BoundedLocalCache.doComputeIfAbsent(BoundedLocalCache.java:2404) ~[caffeine-2.9.3.jar:?]
	at com.github.benmanes.caffeine.cache.BoundedLocalCache.computeIfAbsent(BoundedLocalCache.java:2387) ~[caffeine-2.9.3.jar:?]
	at com.github.benmanes.caffeine.cache.LocalCache.computeIfAbsent(LocalCache.java:108) ~[caffeine-2.9.3.jar:?]
	at com.github.benmanes.caffeine.cache.LocalManualCache.get(LocalManualCache.java:62) ~[caffeine-2.9.3.jar:?]
	at org.apache.jmeter.util.JSR223TestElement.getCompiledScript(JSR223TestElement.java:252) ~[ApacheJMeter_core.jar:5.6.3]
	at org.apache.jmeter.util.JSR223TestElement.processFileOrScript(JSR223TestElement.java:223) ~[ApacheJMeter_core.jar:5.6.3]
	at org.apache.jmeter.protocol.java.sampler.JSR223Sampler.sample(JSR223Sampler.java:72) [ApacheJMeter_java.jar:5.6.3]
	at org.apache.jmeter.threads.JMeterThread.doSampling(JMeterThread.java:651) [ApacheJMeter_core.jar:5.6.3]
	at org.apache.jmeter.threads.JMeterThread.executeSamplePackage(JMeterThread.java:570) [ApacheJMeter_core.jar:5.6.3]
	at org.apache.jmeter.threads.JMeterThread.processSampler(JMeterThread.java:501) [ApacheJMeter_core.jar:5.6.3]
	at org.apache.jmeter.threads.JMeterThread.run(JMeterThread.java:268) [ApacheJMeter_core.jar:5.6.3]
	at java.lang.Thread.run(Unknown Source) [?:1.8.0_421]
	Suppressed: java.lang.IllegalStateException: Unable to compile script StringScriptCacheKey{contents='014c1f162c909a2f17e05d7bbc824e10'}
		at org.apache.jmeter.util.JSR223TestElement.getCompiledScript(JSR223TestElement.java:264) ~[ApacheJMeter_core.jar:5.6.3]
		at org.apache.jmeter.util.JSR223TestElement.processFileOrScript(JSR223TestElement.java:223) ~[ApacheJMeter_core.jar:5.6.3]
		at org.apache.jmeter.protocol.java.sampler.JSR223Sampler.sample(JSR223Sampler.java:72) [ApacheJMeter_java.jar:5.6.3]
		at org.apache.jmeter.threads.JMeterThread.doSampling(JMeterThread.java:651) [ApacheJMeter_core.jar:5.6.3]
		at org.apache.jmeter.threads.JMeterThread.executeSamplePackage(JMeterThread.java:570) [ApacheJMeter_core.jar:5.6.3]
		at org.apache.jmeter.threads.JMeterThread.processSampler(JMeterThread.java:501) [ApacheJMeter_core.jar:5.6.3]
		at org.apache.jmeter.threads.JMeterThread.run(JMeterThread.java:268) [ApacheJMeter_core.jar:5.6.3]
		at java.lang.Thread.run(Unknown Source) [?:1.8.0_421]
Caused by: org.codehaus.groovy.control.MultipleCompilationErrorsException: startup failed:
Script23.groovy: 2: unable to resolve class java.net.http.HttpClient
 @ line 2, column 1.
   import java.net.http.HttpClient
   ^

Script23.groovy: 3: unable to resolve class java.net.http.WebSocket
 @ line 3, column 1.
   import java.net.http.WebSocket
   ^

Script23.groovy: 23: unable to resolve class WebSocket.Listener
 @ line 23, column 16.
   def listener = [
                  ^

3 errors

	at org.codehaus.groovy.control.ErrorCollector.failIfErrors(ErrorCollector.java:292) ~[groovy-3.0.20.jar:3.0.20]
	at org.codehaus.groovy.control.CompilationUnit$ISourceUnitOperation.doPhaseOperation(CompilationUnit.java:915) ~[groovy-3.0.20.jar:3.0.20]
	at org.codehaus.groovy.control.CompilationUnit.compile(CompilationUnit.java:628) ~[groovy-3.0.20.jar:3.0.20]
	at groovy.lang.GroovyClassLoader.doParseClass(GroovyClassLoader.java:389) ~[groovy-3.0.20.jar:3.0.20]
	at groovy.lang.GroovyClassLoader.lambda$parseClass$3(GroovyClassLoader.java:332) ~[groovy-3.0.20.jar:3.0.20]
	at org.codehaus.groovy.runtime.memoize.StampedCommonCache.compute(StampedCommonCache.java:163) ~[groovy-3.0.20.jar:3.0.20]
	at org.codehaus.groovy.runtime.memoize.StampedCommonCache.getAndPut(StampedCommonCache.java:154) ~[groovy-3.0.20.jar:3.0.20]
	at groovy.lang.GroovyClassLoader.parseClass(GroovyClassLoader.java:330) ~[groovy-3.0.20.jar:3.0.20]
	at groovy.lang.GroovyClassLoader.parseClass(GroovyClassLoader.java:314) ~[groovy-3.0.20.jar:3.0.20]
	at groovy.lang.GroovyClassLoader.parseClass(GroovyClassLoader.java:257) ~[groovy-3.0.20.jar:3.0.20]
	at org.codehaus.groovy.jsr223.GroovyScriptEngineImpl.getScriptClass(GroovyScriptEngineImpl.java:336) ~[groovy-jsr223-3.0.20.jar:3.0.20]
	at org.codehaus.groovy.jsr223.GroovyScriptEngineImpl.compile(GroovyScriptEngineImpl.java:181) ~[groovy-jsr223-3.0.20.jar:3.0.20]
	... 15 more
2026-04-05 16:24:23,061 INFO o.a.j.t.JMeterThread: Thread is done: WebSocket Clients 1-24
2026-04-05 16:24:23,062 INFO o.a.j.t.JMeterThread: Thread finished: WebSocket Clients 1-24
2026-04-05 16:24:23,172 ERROR o.a.j.p.j.s.JSR223Sampler: Problem in JSR223 script Open WebSocket And Join Group, message: javax.script.ScriptException: org.codehaus.groovy.control.MultipleCompilationErrorsException: startup failed:
Script24.groovy: 2: unable to resolve class java.net.http.HttpClient
 @ line 2, column 1.
   import java.net.http.HttpClient
   ^

Script24.groovy: 3: unable to resolve class java.net.http.WebSocket
 @ line 3, column 1.
   import java.net.http.WebSocket
   ^

Script24.groovy: 23: unable to resolve class WebSocket.Listener
 @ line 23, column 16.
   def listener = [
                  ^

3 errors

javax.script.ScriptException: org.codehaus.groovy.control.MultipleCompilationErrorsException: startup failed:
Script24.groovy: 2: unable to resolve class java.net.http.HttpClient
 @ line 2, column 1.
   import java.net.http.HttpClient
   ^

Script24.groovy: 3: unable to resolve class java.net.http.WebSocket
 @ line 3, column 1.
   import java.net.http.WebSocket
   ^

Script24.groovy: 23: unable to resolve class WebSocket.Listener
 @ line 23, column 16.
   def listener = [
                  ^

3 errors

	at org.codehaus.groovy.jsr223.GroovyScriptEngineImpl.compile(GroovyScriptEngineImpl.java:183) ~[groovy-jsr223-3.0.20.jar:3.0.20]
	at org.apache.jmeter.util.JSR223TestElement.lambda$processFileOrScript$1(JSR223TestElement.java:225) ~[ApacheJMeter_core.jar:5.6.3]
	at com.github.benmanes.caffeine.cache.BoundedLocalCache.lambda$doComputeIfAbsent$14(BoundedLocalCache.java:2406) ~[caffeine-2.9.3.jar:?]
	at java.util.concurrent.ConcurrentHashMap.compute(Unknown Source) ~[?:1.8.0_421]
	at com.github.benmanes.caffeine.cache.BoundedLocalCache.doComputeIfAbsent(BoundedLocalCache.java:2404) ~[caffeine-2.9.3.jar:?]
	at com.github.benmanes.caffeine.cache.BoundedLocalCache.computeIfAbsent(BoundedLocalCache.java:2387) ~[caffeine-2.9.3.jar:?]
	at com.github.benmanes.caffeine.cache.LocalCache.computeIfAbsent(LocalCache.java:108) ~[caffeine-2.9.3.jar:?]
	at com.github.benmanes.caffeine.cache.LocalManualCache.get(LocalManualCache.java:62) ~[caffeine-2.9.3.jar:?]
	at org.apache.jmeter.util.JSR223TestElement.getCompiledScript(JSR223TestElement.java:252) ~[ApacheJMeter_core.jar:5.6.3]
	at org.apache.jmeter.util.JSR223TestElement.processFileOrScript(JSR223TestElement.java:223) ~[ApacheJMeter_core.jar:5.6.3]
	at org.apache.jmeter.protocol.java.sampler.JSR223Sampler.sample(JSR223Sampler.java:72) [ApacheJMeter_java.jar:5.6.3]
	at org.apache.jmeter.threads.JMeterThread.doSampling(JMeterThread.java:651) [ApacheJMeter_core.jar:5.6.3]
	at org.apache.jmeter.threads.JMeterThread.executeSamplePackage(JMeterThread.java:570) [ApacheJMeter_core.jar:5.6.3]
	at org.apache.jmeter.threads.JMeterThread.processSampler(JMeterThread.java:501) [ApacheJMeter_core.jar:5.6.3]
	at org.apache.jmeter.threads.JMeterThread.run(JMeterThread.java:268) [ApacheJMeter_core.jar:5.6.3]
	at java.lang.Thread.run(Unknown Source) [?:1.8.0_421]
	Suppressed: java.lang.IllegalStateException: Unable to compile script StringScriptCacheKey{contents='ba077bc929ada3a12df2e0c16c5dca82'}
		at org.apache.jmeter.util.JSR223TestElement.getCompiledScript(JSR223TestElement.java:264) ~[ApacheJMeter_core.jar:5.6.3]
		at org.apache.jmeter.util.JSR223TestElement.processFileOrScript(JSR223TestElement.java:223) ~[ApacheJMeter_core.jar:5.6.3]
		at org.apache.jmeter.protocol.java.sampler.JSR223Sampler.sample(JSR223Sampler.java:72) [ApacheJMeter_java.jar:5.6.3]
		at org.apache.jmeter.threads.JMeterThread.doSampling(JMeterThread.java:651) [ApacheJMeter_core.jar:5.6.3]
		at org.apache.jmeter.threads.JMeterThread.executeSamplePackage(JMeterThread.java:570) [ApacheJMeter_core.jar:5.6.3]
		at org.apache.jmeter.threads.JMeterThread.processSampler(JMeterThread.java:501) [ApacheJMeter_core.jar:5.6.3]
		at org.apache.jmeter.threads.JMeterThread.run(JMeterThread.java:268) [ApacheJMeter_core.jar:5.6.3]
		at java.lang.Thread.run(Unknown Source) [?:1.8.0_421]
Caused by: org.codehaus.groovy.control.MultipleCompilationErrorsException: startup failed:
Script24.groovy: 2: unable to resolve class java.net.http.HttpClient
 @ line 2, column 1.
   import java.net.http.HttpClient
   ^

Script24.groovy: 3: unable to resolve class java.net.http.WebSocket
 @ line 3, column 1.
   import java.net.http.WebSocket
   ^

Script24.groovy: 23: unable to resolve class WebSocket.Listener
 @ line 23, column 16.
   def listener = [
                  ^

3 errors

	at org.codehaus.groovy.control.ErrorCollector.failIfErrors(ErrorCollector.java:292) ~[groovy-3.0.20.jar:3.0.20]
	at org.codehaus.groovy.control.CompilationUnit$ISourceUnitOperation.doPhaseOperation(CompilationUnit.java:915) ~[groovy-3.0.20.jar:3.0.20]
	at org.codehaus.groovy.control.CompilationUnit.compile(CompilationUnit.java:628) ~[groovy-3.0.20.jar:3.0.20]
	at groovy.lang.GroovyClassLoader.doParseClass(GroovyClassLoader.java:389) ~[groovy-3.0.20.jar:3.0.20]
	at groovy.lang.GroovyClassLoader.lambda$parseClass$3(GroovyClassLoader.java:332) ~[groovy-3.0.20.jar:3.0.20]
	at org.codehaus.groovy.runtime.memoize.StampedCommonCache.compute(StampedCommonCache.java:163) ~[groovy-3.0.20.jar:3.0.20]
	at org.codehaus.groovy.runtime.memoize.StampedCommonCache.getAndPut(StampedCommonCache.java:154) ~[groovy-3.0.20.jar:3.0.20]
	at groovy.lang.GroovyClassLoader.parseClass(GroovyClassLoader.java:330) ~[groovy-3.0.20.jar:3.0.20]
	at groovy.lang.GroovyClassLoader.parseClass(GroovyClassLoader.java:314) ~[groovy-3.0.20.jar:3.0.20]
	at groovy.lang.GroovyClassLoader.parseClass(GroovyClassLoader.java:257) ~[groovy-3.0.20.jar:3.0.20]
	at org.codehaus.groovy.jsr223.GroovyScriptEngineImpl.getScriptClass(GroovyScriptEngineImpl.java:336) ~[groovy-jsr223-3.0.20.jar:3.0.20]
	at org.codehaus.groovy.jsr223.GroovyScriptEngineImpl.compile(GroovyScriptEngineImpl.java:181) ~[groovy-jsr223-3.0.20.jar:3.0.20]
	... 15 more
2026-04-05 16:24:23,174 INFO o.a.j.t.JMeterThread: Thread is done: WebSocket Clients 1-23
2026-04-05 16:24:23,175 INFO o.a.j.t.JMeterThread: Thread finished: WebSocket Clients 1-23
2026-04-05 16:24:23,540 INFO o.a.j.t.JMeterThread: Thread started: WebSocket Clients 1-26
2026-04-05 16:24:24,075 ERROR o.a.j.p.j.s.JSR223Sampler: Problem in JSR223 script Open WebSocket And Join Group, message: javax.script.ScriptException: org.codehaus.groovy.control.MultipleCompilationErrorsException: startup failed:
Script25.groovy: 2: unable to resolve class java.net.http.HttpClient
 @ line 2, column 1.
   import java.net.http.HttpClient
   ^

Script25.groovy: 3: unable to resolve class java.net.http.WebSocket
 @ line 3, column 1.
   import java.net.http.WebSocket
   ^

Script25.groovy: 23: unable to resolve class WebSocket.Listener
 @ line 23, column 16.
   def listener = [
                  ^

3 errors

javax.script.ScriptException: org.codehaus.groovy.control.MultipleCompilationErrorsException: startup failed:
Script25.groovy: 2: unable to resolve class java.net.http.HttpClient
 @ line 2, column 1.
   import java.net.http.HttpClient
   ^

Script25.groovy: 3: unable to resolve class java.net.http.WebSocket
 @ line 3, column 1.
   import java.net.http.WebSocket
   ^

Script25.groovy: 23: unable to resolve class WebSocket.Listener
 @ line 23, column 16.
   def listener = [
                  ^

3 errors

	at org.codehaus.groovy.jsr223.GroovyScriptEngineImpl.compile(GroovyScriptEngineImpl.java:183) ~[groovy-jsr223-3.0.20.jar:3.0.20]
	at org.apache.jmeter.util.JSR223TestElement.lambda$processFileOrScript$1(JSR223TestElement.java:225) ~[ApacheJMeter_core.jar:5.6.3]
	at com.github.benmanes.caffeine.cache.BoundedLocalCache.lambda$doComputeIfAbsent$14(BoundedLocalCache.java:2406) ~[caffeine-2.9.3.jar:?]
	at java.util.concurrent.ConcurrentHashMap.compute(Unknown Source) ~[?:1.8.0_421]
	at com.github.benmanes.caffeine.cache.BoundedLocalCache.doComputeIfAbsent(BoundedLocalCache.java:2404) ~[caffeine-2.9.3.jar:?]
	at com.github.benmanes.caffeine.cache.BoundedLocalCache.computeIfAbsent(BoundedLocalCache.java:2387) ~[caffeine-2.9.3.jar:?]
	at com.github.benmanes.caffeine.cache.LocalCache.computeIfAbsent(LocalCache.java:108) ~[caffeine-2.9.3.jar:?]
	at com.github.benmanes.caffeine.cache.LocalManualCache.get(LocalManualCache.java:62) ~[caffeine-2.9.3.jar:?]
	at org.apache.jmeter.util.JSR223TestElement.getCompiledScript(JSR223TestElement.java:252) ~[ApacheJMeter_core.jar:5.6.3]
	at org.apache.jmeter.util.JSR223TestElement.processFileOrScript(JSR223TestElement.java:223) ~[ApacheJMeter_core.jar:5.6.3]
	at org.apache.jmeter.protocol.java.sampler.JSR223Sampler.sample(JSR223Sampler.java:72) [ApacheJMeter_java.jar:5.6.3]
	at org.apache.jmeter.threads.JMeterThread.doSampling(JMeterThread.java:651) [ApacheJMeter_core.jar:5.6.3]
	at org.apache.jmeter.threads.JMeterThread.executeSamplePackage(JMeterThread.java:570) [ApacheJMeter_core.jar:5.6.3]
	at org.apache.jmeter.threads.JMeterThread.processSampler(JMeterThread.java:501) [ApacheJMeter_core.jar:5.6.3]
	at org.apache.jmeter.threads.JMeterThread.run(JMeterThread.java:268) [ApacheJMeter_core.jar:5.6.3]
	at java.lang.Thread.run(Unknown Source) [?:1.8.0_421]
	Suppressed: java.lang.IllegalStateException: Unable to compile script StringScriptCacheKey{contents='b48fa167062d4d3014c121ca6bd42b79'}
		at org.apache.jmeter.util.JSR223TestElement.getCompiledScript(JSR223TestElement.java:264) ~[ApacheJMeter_core.jar:5.6.3]
		at org.apache.jmeter.util.JSR223TestElement.processFileOrScript(JSR223TestElement.java:223) ~[ApacheJMeter_core.jar:5.6.3]
		at org.apache.jmeter.protocol.java.sampler.JSR223Sampler.sample(JSR223Sampler.java:72) [ApacheJMeter_java.jar:5.6.3]
		at org.apache.jmeter.threads.JMeterThread.doSampling(JMeterThread.java:651) [ApacheJMeter_core.jar:5.6.3]
		at org.apache.jmeter.threads.JMeterThread.executeSamplePackage(JMeterThread.java:570) [ApacheJMeter_core.jar:5.6.3]
		at org.apache.jmeter.threads.JMeterThread.processSampler(JMeterThread.java:501) [ApacheJMeter_core.jar:5.6.3]
		at org.apache.jmeter.threads.JMeterThread.run(JMeterThread.java:268) [ApacheJMeter_core.jar:5.6.3]
		at java.lang.Thread.run(Unknown Source) [?:1.8.0_421]
Caused by: org.codehaus.groovy.control.MultipleCompilationErrorsException: startup failed:
Script25.groovy: 2: unable to resolve class java.net.http.HttpClient
 @ line 2, column 1.
   import java.net.http.HttpClient
   ^

Script25.groovy: 3: unable to resolve class java.net.http.WebSocket
 @ line 3, column 1.
   import java.net.http.WebSocket
   ^

Script25.groovy: 23: unable to resolve class WebSocket.Listener
 @ line 23, column 16.
   def listener = [
                  ^

3 errors

	at org.codehaus.groovy.control.ErrorCollector.failIfErrors(ErrorCollector.java:292) ~[groovy-3.0.20.jar:3.0.20]
	at org.codehaus.groovy.control.CompilationUnit$ISourceUnitOperation.doPhaseOperation(CompilationUnit.java:915) ~[groovy-3.0.20.jar:3.0.20]
	at org.codehaus.groovy.control.CompilationUnit.compile(CompilationUnit.java:628) ~[groovy-3.0.20.jar:3.0.20]
	at groovy.lang.GroovyClassLoader.doParseClass(GroovyClassLoader.java:389) ~[groovy-3.0.20.jar:3.0.20]
	at groovy.lang.GroovyClassLoader.lambda$parseClass$3(GroovyClassLoader.java:332) ~[groovy-3.0.20.jar:3.0.20]
	at org.codehaus.groovy.runtime.memoize.StampedCommonCache.compute(StampedCommonCache.java:163) ~[groovy-3.0.20.jar:3.0.20]
	at org.codehaus.groovy.runtime.memoize.StampedCommonCache.getAndPut(StampedCommonCache.java:154) ~[groovy-3.0.20.jar:3.0.20]
	at groovy.lang.GroovyClassLoader.parseClass(GroovyClassLoader.java:330) ~[groovy-3.0.20.jar:3.0.20]
	at groovy.lang.GroovyClassLoader.parseClass(GroovyClassLoader.java:314) ~[groovy-3.0.20.jar:3.0.20]
	at groovy.lang.GroovyClassLoader.parseClass(GroovyClassLoader.java:257) ~[groovy-3.0.20.jar:3.0.20]
	at org.codehaus.groovy.jsr223.GroovyScriptEngineImpl.getScriptClass(GroovyScriptEngineImpl.java:336) ~[groovy-jsr223-3.0.20.jar:3.0.20]
	at org.codehaus.groovy.jsr223.GroovyScriptEngineImpl.compile(GroovyScriptEngineImpl.java:181) ~[groovy-jsr223-3.0.20.jar:3.0.20]
	... 15 more
2026-04-05 16:24:24,078 INFO o.a.j.t.JMeterThread: Thread is done: WebSocket Clients 1-26
2026-04-05 16:24:24,078 INFO o.a.j.t.JMeterThread: Thread finished: WebSocket Clients 1-26
2026-04-05 16:24:24,145 INFO o.a.j.t.JMeterThread: Thread started: WebSocket Clients 1-27
2026-04-05 16:24:24,486 ERROR o.a.j.p.j.s.JSR223Sampler: Problem in JSR223 script Open WebSocket And Join Group, message: javax.script.ScriptException: org.codehaus.groovy.control.MultipleCompilationErrorsException: startup failed:
Script26.groovy: 2: unable to resolve class java.net.http.HttpClient
 @ line 2, column 1.
   import java.net.http.HttpClient
   ^

Script26.groovy: 3: unable to resolve class java.net.http.WebSocket
 @ line 3, column 1.
   import java.net.http.WebSocket
   ^

Script26.groovy: 23: unable to resolve class WebSocket.Listener
 @ line 23, column 16.
   def listener = [
                  ^

3 errors

javax.script.ScriptException: org.codehaus.groovy.control.MultipleCompilationErrorsException: startup failed:
Script26.groovy: 2: unable to resolve class java.net.http.HttpClient
 @ line 2, column 1.
   import java.net.http.HttpClient
   ^

Script26.groovy: 3: unable to resolve class java.net.http.WebSocket
 @ line 3, column 1.
   import java.net.http.WebSocket
   ^

Script26.groovy: 23: unable to resolve class WebSocket.Listener
 @ line 23, column 16.
   def listener = [
                  ^

3 errors

	at org.codehaus.groovy.jsr223.GroovyScriptEngineImpl.compile(GroovyScriptEngineImpl.java:183) ~[groovy-jsr223-3.0.20.jar:3.0.20]
	at org.apache.jmeter.util.JSR223TestElement.lambda$processFileOrScript$1(JSR223TestElement.java:225) ~[ApacheJMeter_core.jar:5.6.3]
	at com.github.benmanes.caffeine.cache.BoundedLocalCache.lambda$doComputeIfAbsent$14(BoundedLocalCache.java:2406) ~[caffeine-2.9.3.jar:?]
	at java.util.concurrent.ConcurrentHashMap.compute(Unknown Source) ~[?:1.8.0_421]
	at com.github.benmanes.caffeine.cache.BoundedLocalCache.doComputeIfAbsent(BoundedLocalCache.java:2404) ~[caffeine-2.9.3.jar:?]
	at com.github.benmanes.caffeine.cache.BoundedLocalCache.computeIfAbsent(BoundedLocalCache.java:2387) ~[caffeine-2.9.3.jar:?]
	at com.github.benmanes.caffeine.cache.LocalCache.computeIfAbsent(LocalCache.java:108) ~[caffeine-2.9.3.jar:?]
	at com.github.benmanes.caffeine.cache.LocalManualCache.get(LocalManualCache.java:62) ~[caffeine-2.9.3.jar:?]
	at org.apache.jmeter.util.JSR223TestElement.getCompiledScript(JSR223TestElement.java:252) ~[ApacheJMeter_core.jar:5.6.3]
	at org.apache.jmeter.util.JSR223TestElement.processFileOrScript(JSR223TestElement.java:223) ~[ApacheJMeter_core.jar:5.6.3]
	at org.apache.jmeter.protocol.java.sampler.JSR223Sampler.sample(JSR223Sampler.java:72) [ApacheJMeter_java.jar:5.6.3]
	at org.apache.jmeter.threads.JMeterThread.doSampling(JMeterThread.java:651) [ApacheJMeter_core.jar:5.6.3]
	at org.apache.jmeter.threads.JMeterThread.executeSamplePackage(JMeterThread.java:570) [ApacheJMeter_core.jar:5.6.3]
	at org.apache.jmeter.threads.JMeterThread.processSampler(JMeterThread.java:501) [ApacheJMeter_core.jar:5.6.3]
	at org.apache.jmeter.threads.JMeterThread.run(JMeterThread.java:268) [ApacheJMeter_core.jar:5.6.3]
	at java.lang.Thread.run(Unknown Source) [?:1.8.0_421]
	Suppressed: java.lang.IllegalStateException: Unable to compile script StringScriptCacheKey{contents='bf988c7db6554a137a57ab13996275ba'}
		at org.apache.jmeter.util.JSR223TestElement.getCompiledScript(JSR223TestElement.java:264) ~[ApacheJMeter_core.jar:5.6.3]
		at org.apache.jmeter.util.JSR223TestElement.processFileOrScript(JSR223TestElement.java:223) ~[ApacheJMeter_core.jar:5.6.3]
		at org.apache.jmeter.protocol.java.sampler.JSR223Sampler.sample(JSR223Sampler.java:72) [ApacheJMeter_java.jar:5.6.3]
		at org.apache.jmeter.threads.JMeterThread.doSampling(JMeterThread.java:651) [ApacheJMeter_core.jar:5.6.3]
		at org.apache.jmeter.threads.JMeterThread.executeSamplePackage(JMeterThread.java:570) [ApacheJMeter_core.jar:5.6.3]
		at org.apache.jmeter.threads.JMeterThread.processSampler(JMeterThread.java:501) [ApacheJMeter_core.jar:5.6.3]
		at org.apache.jmeter.threads.JMeterThread.run(JMeterThread.java:268) [ApacheJMeter_core.jar:5.6.3]
		at java.lang.Thread.run(Unknown Source) [?:1.8.0_421]
Caused by: org.codehaus.groovy.control.MultipleCompilationErrorsException: startup failed:
Script26.groovy: 2: unable to resolve class java.net.http.HttpClient
 @ line 2, column 1.
   import java.net.http.HttpClient
   ^

Script26.groovy: 3: unable to resolve class java.net.http.WebSocket
 @ line 3, column 1.
   import java.net.http.WebSocket
   ^

Script26.groovy: 23: unable to resolve class WebSocket.Listener
 @ line 23, column 16.
   def listener = [
                  ^

3 errors

	at org.codehaus.groovy.control.ErrorCollector.failIfErrors(ErrorCollector.java:292) ~[groovy-3.0.20.jar:3.0.20]
	at org.codehaus.groovy.control.CompilationUnit$ISourceUnitOperation.doPhaseOperation(CompilationUnit.java:915) ~[groovy-3.0.20.jar:3.0.20]
	at org.codehaus.groovy.control.CompilationUnit.compile(CompilationUnit.java:628) ~[groovy-3.0.20.jar:3.0.20]
	at groovy.lang.GroovyClassLoader.doParseClass(GroovyClassLoader.java:389) ~[groovy-3.0.20.jar:3.0.20]
	at groovy.lang.GroovyClassLoader.lambda$parseClass$3(GroovyClassLoader.java:332) ~[groovy-3.0.20.jar:3.0.20]
	at org.codehaus.groovy.runtime.memoize.StampedCommonCache.compute(StampedCommonCache.java:163) ~[groovy-3.0.20.jar:3.0.20]
	at org.codehaus.groovy.runtime.memoize.StampedCommonCache.getAndPut(StampedCommonCache.java:154) ~[groovy-3.0.20.jar:3.0.20]
	at groovy.lang.GroovyClassLoader.parseClass(GroovyClassLoader.java:330) ~[groovy-3.0.20.jar:3.0.20]
	at groovy.lang.GroovyClassLoader.parseClass(GroovyClassLoader.java:314) ~[groovy-3.0.20.jar:3.0.20]
	at groovy.lang.GroovyClassLoader.parseClass(GroovyClassLoader.java:257) ~[groovy-3.0.20.jar:3.0.20]
	at org.codehaus.groovy.jsr223.GroovyScriptEngineImpl.getScriptClass(GroovyScriptEngineImpl.java:336) ~[groovy-jsr223-3.0.20.jar:3.0.20]
	at org.codehaus.groovy.jsr223.GroovyScriptEngineImpl.compile(GroovyScriptEngineImpl.java:181) ~[groovy-jsr223-3.0.20.jar:3.0.20]
	... 15 more
2026-04-05 16:24:24,487 INFO o.a.j.t.JMeterThread: Thread is done: WebSocket Clients 1-25
2026-04-05 16:24:24,488 INFO o.a.j.t.JMeterThread: Thread finished: WebSocket Clients 1-25
2026-04-05 16:24:24,752 INFO o.a.j.t.JMeterThread: Thread started: WebSocket Clients 1-28
2026-04-05 16:24:25,346 ERROR o.a.j.p.j.s.JSR223Sampler: Problem in JSR223 script Open WebSocket And Join Group, message: javax.script.ScriptException: org.codehaus.groovy.control.MultipleCompilationErrorsException: startup failed:
Script27.groovy: 2: unable to resolve class java.net.http.HttpClient
 @ line 2, column 1.
   import java.net.http.HttpClient
   ^

Script27.groovy: 3: unable to resolve class java.net.http.WebSocket
 @ line 3, column 1.
   import java.net.http.WebSocket
   ^

Script27.groovy: 23: unable to resolve class WebSocket.Listener
 @ line 23, column 16.
   def listener = [
                  ^

3 errors

javax.script.ScriptException: org.codehaus.groovy.control.MultipleCompilationErrorsException: startup failed:
Script27.groovy: 2: unable to resolve class java.net.http.HttpClient
 @ line 2, column 1.
   import java.net.http.HttpClient
   ^

Script27.groovy: 3: unable to resolve class java.net.http.WebSocket
 @ line 3, column 1.
   import java.net.http.WebSocket
   ^

Script27.groovy: 23: unable to resolve class WebSocket.Listener
 @ line 23, column 16.
   def listener = [
                  ^

3 errors

	at org.codehaus.groovy.jsr223.GroovyScriptEngineImpl.compile(GroovyScriptEngineImpl.java:183) ~[groovy-jsr223-3.0.20.jar:3.0.20]
	at org.apache.jmeter.util.JSR223TestElement.lambda$processFileOrScript$1(JSR223TestElement.java:225) ~[ApacheJMeter_core.jar:5.6.3]
	at com.github.benmanes.caffeine.cache.BoundedLocalCache.lambda$doComputeIfAbsent$14(BoundedLocalCache.java:2406) ~[caffeine-2.9.3.jar:?]
	at java.util.concurrent.ConcurrentHashMap.compute(Unknown Source) ~[?:1.8.0_421]
	at com.github.benmanes.caffeine.cache.BoundedLocalCache.doComputeIfAbsent(BoundedLocalCache.java:2404) ~[caffeine-2.9.3.jar:?]
	at com.github.benmanes.caffeine.cache.BoundedLocalCache.computeIfAbsent(BoundedLocalCache.java:2387) ~[caffeine-2.9.3.jar:?]
	at com.github.benmanes.caffeine.cache.LocalCache.computeIfAbsent(LocalCache.java:108) ~[caffeine-2.9.3.jar:?]
	at com.github.benmanes.caffeine.cache.LocalManualCache.get(LocalManualCache.java:62) ~[caffeine-2.9.3.jar:?]
	at org.apache.jmeter.util.JSR223TestElement.getCompiledScript(JSR223TestElement.java:252) ~[ApacheJMeter_core.jar:5.6.3]
	at org.apache.jmeter.util.JSR223TestElement.processFileOrScript(JSR223TestElement.java:223) ~[ApacheJMeter_core.jar:5.6.3]
	at org.apache.jmeter.protocol.java.sampler.JSR223Sampler.sample(JSR223Sampler.java:72) [ApacheJMeter_java.jar:5.6.3]
	at org.apache.jmeter.threads.JMeterThread.doSampling(JMeterThread.java:651) [ApacheJMeter_core.jar:5.6.3]
	at org.apache.jmeter.threads.JMeterThread.executeSamplePackage(JMeterThread.java:570) [ApacheJMeter_core.jar:5.6.3]
	at org.apache.jmeter.threads.JMeterThread.processSampler(JMeterThread.java:501) [ApacheJMeter_core.jar:5.6.3]
	at org.apache.jmeter.threads.JMeterThread.run(JMeterThread.java:268) [ApacheJMeter_core.jar:5.6.3]
	at java.lang.Thread.run(Unknown Source) [?:1.8.0_421]
	Suppressed: java.lang.IllegalStateException: Unable to compile script StringScriptCacheKey{contents='58cb05f406f4e88903124d684bc09a41'}
		at org.apache.jmeter.util.JSR223TestElement.getCompiledScript(JSR223TestElement.java:264) ~[ApacheJMeter_core.jar:5.6.3]
		at org.apache.jmeter.util.JSR223TestElement.processFileOrScript(JSR223TestElement.java:223) ~[ApacheJMeter_core.jar:5.6.3]
		at org.apache.jmeter.protocol.java.sampler.JSR223Sampler.sample(JSR223Sampler.java:72) [ApacheJMeter_java.jar:5.6.3]
		at org.apache.jmeter.threads.JMeterThread.doSampling(JMeterThread.java:651) [ApacheJMeter_core.jar:5.6.3]
		at org.apache.jmeter.threads.JMeterThread.executeSamplePackage(JMeterThread.java:570) [ApacheJMeter_core.jar:5.6.3]
		at org.apache.jmeter.threads.JMeterThread.processSampler(JMeterThread.java:501) [ApacheJMeter_core.jar:5.6.3]
		at org.apache.jmeter.threads.JMeterThread.run(JMeterThread.java:268) [ApacheJMeter_core.jar:5.6.3]
		at java.lang.Thread.run(Unknown Source) [?:1.8.0_421]
Caused by: org.codehaus.groovy.control.MultipleCompilationErrorsException: startup failed:
Script27.groovy: 2: unable to resolve class java.net.http.HttpClient
 @ line 2, column 1.
   import java.net.http.HttpClient
   ^

Script27.groovy: 3: unable to resolve class java.net.http.WebSocket
 @ line 3, column 1.
   import java.net.http.WebSocket
   ^

Script27.groovy: 23: unable to resolve class WebSocket.Listener
 @ line 23, column 16.
   def listener = [
                  ^

3 errors

	at org.codehaus.groovy.control.ErrorCollector.failIfErrors(ErrorCollector.java:292) ~[groovy-3.0.20.jar:3.0.20]
	at org.codehaus.groovy.control.CompilationUnit$ISourceUnitOperation.doPhaseOperation(CompilationUnit.java:915) ~[groovy-3.0.20.jar:3.0.20]
	at org.codehaus.groovy.control.CompilationUnit.compile(CompilationUnit.java:628) ~[groovy-3.0.20.jar:3.0.20]
	at groovy.lang.GroovyClassLoader.doParseClass(GroovyClassLoader.java:389) ~[groovy-3.0.20.jar:3.0.20]
	at groovy.lang.GroovyClassLoader.lambda$parseClass$3(GroovyClassLoader.java:332) ~[groovy-3.0.20.jar:3.0.20]
	at org.codehaus.groovy.runtime.memoize.StampedCommonCache.compute(StampedCommonCache.java:163) ~[groovy-3.0.20.jar:3.0.20]
	at org.codehaus.groovy.runtime.memoize.StampedCommonCache.getAndPut(StampedCommonCache.java:154) ~[groovy-3.0.20.jar:3.0.20]
	at groovy.lang.GroovyClassLoader.parseClass(GroovyClassLoader.java:330) ~[groovy-3.0.20.jar:3.0.20]
	at groovy.lang.GroovyClassLoader.parseClass(GroovyClassLoader.java:314) ~[groovy-3.0.20.jar:3.0.20]
	at groovy.lang.GroovyClassLoader.parseClass(GroovyClassLoader.java:257) ~[groovy-3.0.20.jar:3.0.20]
	at org.codehaus.groovy.jsr223.GroovyScriptEngineImpl.getScriptClass(GroovyScriptEngineImpl.java:336) ~[groovy-jsr223-3.0.20.jar:3.0.20]
	at org.codehaus.groovy.jsr223.GroovyScriptEngineImpl.compile(GroovyScriptEngineImpl.java:181) ~[groovy-jsr223-3.0.20.jar:3.0.20]
	... 15 more
2026-04-05 16:24:25,347 INFO o.a.j.t.JMeterThread: Thread is done: WebSocket Clients 1-28
2026-04-05 16:24:25,347 INFO o.a.j.t.JMeterThread: Thread finished: WebSocket Clients 1-28
2026-04-05 16:24:25,347 INFO o.a.j.t.JMeterThread: Thread started: WebSocket Clients 1-29
2026-04-05 16:24:25,588 ERROR o.a.j.p.j.s.JSR223Sampler: Problem in JSR223 script Open WebSocket And Join Group, message: javax.script.ScriptException: org.codehaus.groovy.control.MultipleCompilationErrorsException: startup failed:
Script28.groovy: 2: unable to resolve class java.net.http.HttpClient
 @ line 2, column 1.
   import java.net.http.HttpClient
   ^

Script28.groovy: 3: unable to resolve class java.net.http.WebSocket
 @ line 3, column 1.
   import java.net.http.WebSocket
   ^

Script28.groovy: 23: unable to resolve class WebSocket.Listener
 @ line 23, column 16.
   def listener = [
                  ^

3 errors

javax.script.ScriptException: org.codehaus.groovy.control.MultipleCompilationErrorsException: startup failed:
Script28.groovy: 2: unable to resolve class java.net.http.HttpClient
 @ line 2, column 1.
   import java.net.http.HttpClient
   ^

Script28.groovy: 3: unable to resolve class java.net.http.WebSocket
 @ line 3, column 1.
   import java.net.http.WebSocket
   ^

Script28.groovy: 23: unable to resolve class WebSocket.Listener
 @ line 23, column 16.
   def listener = [
                  ^

3 errors

	at org.codehaus.groovy.jsr223.GroovyScriptEngineImpl.compile(GroovyScriptEngineImpl.java:183) ~[groovy-jsr223-3.0.20.jar:3.0.20]
	at org.apache.jmeter.util.JSR223TestElement.lambda$processFileOrScript$1(JSR223TestElement.java:225) ~[ApacheJMeter_core.jar:5.6.3]
	at com.github.benmanes.caffeine.cache.BoundedLocalCache.lambda$doComputeIfAbsent$14(BoundedLocalCache.java:2406) ~[caffeine-2.9.3.jar:?]
	at java.util.concurrent.ConcurrentHashMap.compute(Unknown Source) ~[?:1.8.0_421]
	at com.github.benmanes.caffeine.cache.BoundedLocalCache.doComputeIfAbsent(BoundedLocalCache.java:2404) ~[caffeine-2.9.3.jar:?]
	at com.github.benmanes.caffeine.cache.BoundedLocalCache.computeIfAbsent(BoundedLocalCache.java:2387) ~[caffeine-2.9.3.jar:?]
	at com.github.benmanes.caffeine.cache.LocalCache.computeIfAbsent(LocalCache.java:108) ~[caffeine-2.9.3.jar:?]
	at com.github.benmanes.caffeine.cache.LocalManualCache.get(LocalManualCache.java:62) ~[caffeine-2.9.3.jar:?]
	at org.apache.jmeter.util.JSR223TestElement.getCompiledScript(JSR223TestElement.java:252) ~[ApacheJMeter_core.jar:5.6.3]
	at org.apache.jmeter.util.JSR223TestElement.processFileOrScript(JSR223TestElement.java:223) ~[ApacheJMeter_core.jar:5.6.3]
	at org.apache.jmeter.protocol.java.sampler.JSR223Sampler.sample(JSR223Sampler.java:72) [ApacheJMeter_java.jar:5.6.3]
	at org.apache.jmeter.threads.JMeterThread.doSampling(JMeterThread.java:651) [ApacheJMeter_core.jar:5.6.3]
	at org.apache.jmeter.threads.JMeterThread.executeSamplePackage(JMeterThread.java:570) [ApacheJMeter_core.jar:5.6.3]
	at org.apache.jmeter.threads.JMeterThread.processSampler(JMeterThread.java:501) [ApacheJMeter_core.jar:5.6.3]
	at org.apache.jmeter.threads.JMeterThread.run(JMeterThread.java:268) [ApacheJMeter_core.jar:5.6.3]
	at java.lang.Thread.run(Unknown Source) [?:1.8.0_421]
	Suppressed: java.lang.IllegalStateException: Unable to compile script StringScriptCacheKey{contents='ad0195d4b73d16a74dc0bee9ab7f4a13'}
		at org.apache.jmeter.util.JSR223TestElement.getCompiledScript(JSR223TestElement.java:264) ~[ApacheJMeter_core.jar:5.6.3]
		at org.apache.jmeter.util.JSR223TestElement.processFileOrScript(JSR223TestElement.java:223) ~[ApacheJMeter_core.jar:5.6.3]
		at org.apache.jmeter.protocol.java.sampler.JSR223Sampler.sample(JSR223Sampler.java:72) [ApacheJMeter_java.jar:5.6.3]
		at org.apache.jmeter.threads.JMeterThread.doSampling(JMeterThread.java:651) [ApacheJMeter_core.jar:5.6.3]
		at org.apache.jmeter.threads.JMeterThread.executeSamplePackage(JMeterThread.java:570) [ApacheJMeter_core.jar:5.6.3]
		at org.apache.jmeter.threads.JMeterThread.processSampler(JMeterThread.java:501) [ApacheJMeter_core.jar:5.6.3]
		at org.apache.jmeter.threads.JMeterThread.run(JMeterThread.java:268) [ApacheJMeter_core.jar:5.6.3]
		at java.lang.Thread.run(Unknown Source) [?:1.8.0_421]
Caused by: org.codehaus.groovy.control.MultipleCompilationErrorsException: startup failed:
Script28.groovy: 2: unable to resolve class java.net.http.HttpClient
 @ line 2, column 1.
   import java.net.http.HttpClient
   ^

Script28.groovy: 3: unable to resolve class java.net.http.WebSocket
 @ line 3, column 1.
   import java.net.http.WebSocket
   ^

Script28.groovy: 23: unable to resolve class WebSocket.Listener
 @ line 23, column 16.
   def listener = [
                  ^

3 errors

	at org.codehaus.groovy.control.ErrorCollector.failIfErrors(ErrorCollector.java:292) ~[groovy-3.0.20.jar:3.0.20]
	at org.codehaus.groovy.control.CompilationUnit$ISourceUnitOperation.doPhaseOperation(CompilationUnit.java:915) ~[groovy-3.0.20.jar:3.0.20]
	at org.codehaus.groovy.control.CompilationUnit.compile(CompilationUnit.java:628) ~[groovy-3.0.20.jar:3.0.20]
	at groovy.lang.GroovyClassLoader.doParseClass(GroovyClassLoader.java:389) ~[groovy-3.0.20.jar:3.0.20]
	at groovy.lang.GroovyClassLoader.lambda$parseClass$3(GroovyClassLoader.java:332) ~[groovy-3.0.20.jar:3.0.20]
	at org.codehaus.groovy.runtime.memoize.StampedCommonCache.compute(StampedCommonCache.java:163) ~[groovy-3.0.20.jar:3.0.20]
	at org.codehaus.groovy.runtime.memoize.StampedCommonCache.getAndPut(StampedCommonCache.java:154) ~[groovy-3.0.20.jar:3.0.20]
	at groovy.lang.GroovyClassLoader.parseClass(GroovyClassLoader.java:330) ~[groovy-3.0.20.jar:3.0.20]
	at groovy.lang.GroovyClassLoader.parseClass(GroovyClassLoader.java:314) ~[groovy-3.0.20.jar:3.0.20]
	at groovy.lang.GroovyClassLoader.parseClass(GroovyClassLoader.java:257) ~[groovy-3.0.20.jar:3.0.20]
	at org.codehaus.groovy.jsr223.GroovyScriptEngineImpl.getScriptClass(GroovyScriptEngineImpl.java:336) ~[groovy-jsr223-3.0.20.jar:3.0.20]
	at org.codehaus.groovy.jsr223.GroovyScriptEngineImpl.compile(GroovyScriptEngineImpl.java:181) ~[groovy-jsr223-3.0.20.jar:3.0.20]
	... 15 more
2026-04-05 16:24:25,590 INFO o.a.j.t.JMeterThread: Thread is done: WebSocket Clients 1-27
2026-04-05 16:24:25,590 INFO o.a.j.t.JMeterThread: Thread finished: WebSocket Clients 1-27
2026-04-05 16:24:25,961 INFO o.a.j.t.JMeterThread: Thread started: WebSocket Clients 1-30
2026-04-05 16:24:26,430 ERROR o.a.j.p.j.s.JSR223Sampler: Problem in JSR223 script Open WebSocket And Join Group, message: javax.script.ScriptException: org.codehaus.groovy.control.MultipleCompilationErrorsException: startup failed:
Script29.groovy: 2: unable to resolve class java.net.http.HttpClient
 @ line 2, column 1.
   import java.net.http.HttpClient
   ^

Script29.groovy: 3: unable to resolve class java.net.http.WebSocket
 @ line 3, column 1.
   import java.net.http.WebSocket
   ^

Script29.groovy: 23: unable to resolve class WebSocket.Listener
 @ line 23, column 16.
   def listener = [
                  ^

3 errors

javax.script.ScriptException: org.codehaus.groovy.control.MultipleCompilationErrorsException: startup failed:
Script29.groovy: 2: unable to resolve class java.net.http.HttpClient
 @ line 2, column 1.
   import java.net.http.HttpClient
   ^

Script29.groovy: 3: unable to resolve class java.net.http.WebSocket
 @ line 3, column 1.
   import java.net.http.WebSocket
   ^

Script29.groovy: 23: unable to resolve class WebSocket.Listener
 @ line 23, column 16.
   def listener = [
                  ^

3 errors

	at org.codehaus.groovy.jsr223.GroovyScriptEngineImpl.compile(GroovyScriptEngineImpl.java:183) ~[groovy-jsr223-3.0.20.jar:3.0.20]
	at org.apache.jmeter.util.JSR223TestElement.lambda$processFileOrScript$1(JSR223TestElement.java:225) ~[ApacheJMeter_core.jar:5.6.3]
	at com.github.benmanes.caffeine.cache.BoundedLocalCache.lambda$doComputeIfAbsent$14(BoundedLocalCache.java:2406) ~[caffeine-2.9.3.jar:?]
	at java.util.concurrent.ConcurrentHashMap.compute(Unknown Source) ~[?:1.8.0_421]
	at com.github.benmanes.caffeine.cache.BoundedLocalCache.doComputeIfAbsent(BoundedLocalCache.java:2404) ~[caffeine-2.9.3.jar:?]
	at com.github.benmanes.caffeine.cache.BoundedLocalCache.computeIfAbsent(BoundedLocalCache.java:2387) ~[caffeine-2.9.3.jar:?]
	at com.github.benmanes.caffeine.cache.LocalCache.computeIfAbsent(LocalCache.java:108) ~[caffeine-2.9.3.jar:?]
	at com.github.benmanes.caffeine.cache.LocalManualCache.get(LocalManualCache.java:62) ~[caffeine-2.9.3.jar:?]
	at org.apache.jmeter.util.JSR223TestElement.getCompiledScript(JSR223TestElement.java:252) ~[ApacheJMeter_core.jar:5.6.3]
	at org.apache.jmeter.util.JSR223TestElement.processFileOrScript(JSR223TestElement.java:223) ~[ApacheJMeter_core.jar:5.6.3]
	at org.apache.jmeter.protocol.java.sampler.JSR223Sampler.sample(JSR223Sampler.java:72) [ApacheJMeter_java.jar:5.6.3]
	at org.apache.jmeter.threads.JMeterThread.doSampling(JMeterThread.java:651) [ApacheJMeter_core.jar:5.6.3]
	at org.apache.jmeter.threads.JMeterThread.executeSamplePackage(JMeterThread.java:570) [ApacheJMeter_core.jar:5.6.3]
	at org.apache.jmeter.threads.JMeterThread.processSampler(JMeterThread.java:501) [ApacheJMeter_core.jar:5.6.3]
	at org.apache.jmeter.threads.JMeterThread.run(JMeterThread.java:268) [ApacheJMeter_core.jar:5.6.3]
	at java.lang.Thread.run(Unknown Source) [?:1.8.0_421]
	Suppressed: java.lang.IllegalStateException: Unable to compile script StringScriptCacheKey{contents='014c1f162c909a2f17e05d7bbc824e10'}
		at org.apache.jmeter.util.JSR223TestElement.getCompiledScript(JSR223TestElement.java:264) ~[ApacheJMeter_core.jar:5.6.3]
		at org.apache.jmeter.util.JSR223TestElement.processFileOrScript(JSR223TestElement.java:223) ~[ApacheJMeter_core.jar:5.6.3]
		at org.apache.jmeter.protocol.java.sampler.JSR223Sampler.sample(JSR223Sampler.java:72) [ApacheJMeter_java.jar:5.6.3]
		at org.apache.jmeter.threads.JMeterThread.doSampling(JMeterThread.java:651) [ApacheJMeter_core.jar:5.6.3]
		at org.apache.jmeter.threads.JMeterThread.executeSamplePackage(JMeterThread.java:570) [ApacheJMeter_core.jar:5.6.3]
		at org.apache.jmeter.threads.JMeterThread.processSampler(JMeterThread.java:501) [ApacheJMeter_core.jar:5.6.3]
		at org.apache.jmeter.threads.JMeterThread.run(JMeterThread.java:268) [ApacheJMeter_core.jar:5.6.3]
		at java.lang.Thread.run(Unknown Source) [?:1.8.0_421]
Caused by: org.codehaus.groovy.control.MultipleCompilationErrorsException: startup failed:
Script29.groovy: 2: unable to resolve class java.net.http.HttpClient
 @ line 2, column 1.
   import java.net.http.HttpClient
   ^

Script29.groovy: 3: unable to resolve class java.net.http.WebSocket
 @ line 3, column 1.
   import java.net.http.WebSocket
   ^

Script29.groovy: 23: unable to resolve class WebSocket.Listener
 @ line 23, column 16.
   def listener = [
                  ^

3 errors

	at org.codehaus.groovy.control.ErrorCollector.failIfErrors(ErrorCollector.java:292) ~[groovy-3.0.20.jar:3.0.20]
	at org.codehaus.groovy.control.CompilationUnit$ISourceUnitOperation.doPhaseOperation(CompilationUnit.java:915) ~[groovy-3.0.20.jar:3.0.20]
	at org.codehaus.groovy.control.CompilationUnit.compile(CompilationUnit.java:628) ~[groovy-3.0.20.jar:3.0.20]
	at groovy.lang.GroovyClassLoader.doParseClass(GroovyClassLoader.java:389) ~[groovy-3.0.20.jar:3.0.20]
	at groovy.lang.GroovyClassLoader.lambda$parseClass$3(GroovyClassLoader.java:332) ~[groovy-3.0.20.jar:3.0.20]
	at org.codehaus.groovy.runtime.memoize.StampedCommonCache.compute(StampedCommonCache.java:163) ~[groovy-3.0.20.jar:3.0.20]
	at org.codehaus.groovy.runtime.memoize.StampedCommonCache.getAndPut(StampedCommonCache.java:154) ~[groovy-3.0.20.jar:3.0.20]
	at groovy.lang.GroovyClassLoader.parseClass(GroovyClassLoader.java:330) ~[groovy-3.0.20.jar:3.0.20]
	at groovy.lang.GroovyClassLoader.parseClass(GroovyClassLoader.java:314) ~[groovy-3.0.20.jar:3.0.20]
	at groovy.lang.GroovyClassLoader.parseClass(GroovyClassLoader.java:257) ~[groovy-3.0.20.jar:3.0.20]
	at org.codehaus.groovy.jsr223.GroovyScriptEngineImpl.getScriptClass(GroovyScriptEngineImpl.java:336) ~[groovy-jsr223-3.0.20.jar:3.0.20]
	at org.codehaus.groovy.jsr223.GroovyScriptEngineImpl.compile(GroovyScriptEngineImpl.java:181) ~[groovy-jsr223-3.0.20.jar:3.0.20]
	... 15 more
2026-04-05 16:24:26,434 INFO o.a.j.t.JMeterThread: Thread is done: WebSocket Clients 1-30
2026-04-05 16:24:26,434 INFO o.a.j.t.JMeterThread: Thread finished: WebSocket Clients 1-30
2026-04-05 16:24:26,564 INFO o.a.j.t.JMeterThread: Thread started: WebSocket Clients 1-31
2026-04-05 16:24:26,813 ERROR o.a.j.p.j.s.JSR223Sampler: Problem in JSR223 script Open WebSocket And Join Group, message: javax.script.ScriptException: org.codehaus.groovy.control.MultipleCompilationErrorsException: startup failed:
Script30.groovy: 2: unable to resolve class java.net.http.HttpClient
 @ line 2, column 1.
   import java.net.http.HttpClient
   ^

Script30.groovy: 3: unable to resolve class java.net.http.WebSocket
 @ line 3, column 1.
   import java.net.http.WebSocket
   ^

Script30.groovy: 23: unable to resolve class WebSocket.Listener
 @ line 23, column 16.
   def listener = [
                  ^

3 errors

javax.script.ScriptException: org.codehaus.groovy.control.MultipleCompilationErrorsException: startup failed:
Script30.groovy: 2: unable to resolve class java.net.http.HttpClient
 @ line 2, column 1.
   import java.net.http.HttpClient
   ^

Script30.groovy: 3: unable to resolve class java.net.http.WebSocket
 @ line 3, column 1.
   import java.net.http.WebSocket
   ^

Script30.groovy: 23: unable to resolve class WebSocket.Listener
 @ line 23, column 16.
   def listener = [
                  ^

3 errors

	at org.codehaus.groovy.jsr223.GroovyScriptEngineImpl.compile(GroovyScriptEngineImpl.java:183) ~[groovy-jsr223-3.0.20.jar:3.0.20]
	at org.apache.jmeter.util.JSR223TestElement.lambda$processFileOrScript$1(JSR223TestElement.java:225) ~[ApacheJMeter_core.jar:5.6.3]
	at com.github.benmanes.caffeine.cache.BoundedLocalCache.lambda$doComputeIfAbsent$14(BoundedLocalCache.java:2406) ~[caffeine-2.9.3.jar:?]
	at java.util.concurrent.ConcurrentHashMap.compute(Unknown Source) ~[?:1.8.0_421]
	at com.github.benmanes.caffeine.cache.BoundedLocalCache.doComputeIfAbsent(BoundedLocalCache.java:2404) ~[caffeine-2.9.3.jar:?]
	at com.github.benmanes.caffeine.cache.BoundedLocalCache.computeIfAbsent(BoundedLocalCache.java:2387) ~[caffeine-2.9.3.jar:?]
	at com.github.benmanes.caffeine.cache.LocalCache.computeIfAbsent(LocalCache.java:108) ~[caffeine-2.9.3.jar:?]
	at com.github.benmanes.caffeine.cache.LocalManualCache.get(LocalManualCache.java:62) ~[caffeine-2.9.3.jar:?]
	at org.apache.jmeter.util.JSR223TestElement.getCompiledScript(JSR223TestElement.java:252) ~[ApacheJMeter_core.jar:5.6.3]
	at org.apache.jmeter.util.JSR223TestElement.processFileOrScript(JSR223TestElement.java:223) ~[ApacheJMeter_core.jar:5.6.3]
	at org.apache.jmeter.protocol.java.sampler.JSR223Sampler.sample(JSR223Sampler.java:72) [ApacheJMeter_java.jar:5.6.3]
	at org.apache.jmeter.threads.JMeterThread.doSampling(JMeterThread.java:651) [ApacheJMeter_core.jar:5.6.3]
	at org.apache.jmeter.threads.JMeterThread.executeSamplePackage(JMeterThread.java:570) [ApacheJMeter_core.jar:5.6.3]
	at org.apache.jmeter.threads.JMeterThread.processSampler(JMeterThread.java:501) [ApacheJMeter_core.jar:5.6.3]
	at org.apache.jmeter.threads.JMeterThread.run(JMeterThread.java:268) [ApacheJMeter_core.jar:5.6.3]
	at java.lang.Thread.run(Unknown Source) [?:1.8.0_421]
	Suppressed: java.lang.IllegalStateException: Unable to compile script StringScriptCacheKey{contents='1e04b9cdc16b6aabe1c725c6e0b071c1'}
		at org.apache.jmeter.util.JSR223TestElement.getCompiledScript(JSR223TestElement.java:264) ~[ApacheJMeter_core.jar:5.6.3]
		at org.apache.jmeter.util.JSR223TestElement.processFileOrScript(JSR223TestElement.java:223) ~[ApacheJMeter_core.jar:5.6.3]
		at org.apache.jmeter.protocol.java.sampler.JSR223Sampler.sample(JSR223Sampler.java:72) [ApacheJMeter_java.jar:5.6.3]
		at org.apache.jmeter.threads.JMeterThread.doSampling(JMeterThread.java:651) [ApacheJMeter_core.jar:5.6.3]
		at org.apache.jmeter.threads.JMeterThread.executeSamplePackage(JMeterThread.java:570) [ApacheJMeter_core.jar:5.6.3]
		at org.apache.jmeter.threads.JMeterThread.processSampler(JMeterThread.java:501) [ApacheJMeter_core.jar:5.6.3]
		at org.apache.jmeter.threads.JMeterThread.run(JMeterThread.java:268) [ApacheJMeter_core.jar:5.6.3]
		at java.lang.Thread.run(Unknown Source) [?:1.8.0_421]
Caused by: org.codehaus.groovy.control.MultipleCompilationErrorsException: startup failed:
Script30.groovy: 2: unable to resolve class java.net.http.HttpClient
 @ line 2, column 1.
   import java.net.http.HttpClient
   ^

Script30.groovy: 3: unable to resolve class java.net.http.WebSocket
 @ line 3, column 1.
   import java.net.http.WebSocket
   ^

Script30.groovy: 23: unable to resolve class WebSocket.Listener
 @ line 23, column 16.
   def listener = [
                  ^

3 errors

	at org.codehaus.groovy.control.ErrorCollector.failIfErrors(ErrorCollector.java:292) ~[groovy-3.0.20.jar:3.0.20]
	at org.codehaus.groovy.control.CompilationUnit$ISourceUnitOperation.doPhaseOperation(CompilationUnit.java:915) ~[groovy-3.0.20.jar:3.0.20]
	at org.codehaus.groovy.control.CompilationUnit.compile(CompilationUnit.java:628) ~[groovy-3.0.20.jar:3.0.20]
	at groovy.lang.GroovyClassLoader.doParseClass(GroovyClassLoader.java:389) ~[groovy-3.0.20.jar:3.0.20]
	at groovy.lang.GroovyClassLoader.lambda$parseClass$3(GroovyClassLoader.java:332) ~[groovy-3.0.20.jar:3.0.20]
	at org.codehaus.groovy.runtime.memoize.StampedCommonCache.compute(StampedCommonCache.java:163) ~[groovy-3.0.20.jar:3.0.20]
	at org.codehaus.groovy.runtime.memoize.StampedCommonCache.getAndPut(StampedCommonCache.java:154) ~[groovy-3.0.20.jar:3.0.20]
	at groovy.lang.GroovyClassLoader.parseClass(GroovyClassLoader.java:330) ~[groovy-3.0.20.jar:3.0.20]
	at groovy.lang.GroovyClassLoader.parseClass(GroovyClassLoader.java:314) ~[groovy-3.0.20.jar:3.0.20]
	at groovy.lang.GroovyClassLoader.parseClass(GroovyClassLoader.java:257) ~[groovy-3.0.20.jar:3.0.20]
	at org.codehaus.groovy.jsr223.GroovyScriptEngineImpl.getScriptClass(GroovyScriptEngineImpl.java:336) ~[groovy-jsr223-3.0.20.jar:3.0.20]
	at org.codehaus.groovy.jsr223.GroovyScriptEngineImpl.compile(GroovyScriptEngineImpl.java:181) ~[groovy-jsr223-3.0.20.jar:3.0.20]
	... 15 more
2026-04-05 16:24:26,816 INFO o.a.j.t.JMeterThread: Thread is done: WebSocket Clients 1-29
2026-04-05 16:24:26,816 INFO o.a.j.t.JMeterThread: Thread finished: WebSocket Clients 1-29
2026-04-05 16:24:27,145 INFO o.a.j.t.JMeterThread: Thread started: WebSocket Clients 1-32
2026-04-05 16:24:27,749 INFO o.a.j.t.JMeterThread: Thread started: WebSocket Clients 1-33
2026-04-05 16:24:27,777 ERROR o.a.j.p.j.s.JSR223Sampler: Problem in JSR223 script Open WebSocket And Join Group, message: javax.script.ScriptException: org.codehaus.groovy.control.MultipleCompilationErrorsException: startup failed:
Script31.groovy: 2: unable to resolve class java.net.http.HttpClient
 @ line 2, column 1.
   import java.net.http.HttpClient
   ^

Script31.groovy: 3: unable to resolve class java.net.http.WebSocket
 @ line 3, column 1.
   import java.net.http.WebSocket
   ^

Script31.groovy: 23: unable to resolve class WebSocket.Listener
 @ line 23, column 16.
   def listener = [
                  ^

3 errors

javax.script.ScriptException: org.codehaus.groovy.control.MultipleCompilationErrorsException: startup failed:
Script31.groovy: 2: unable to resolve class java.net.http.HttpClient
 @ line 2, column 1.
   import java.net.http.HttpClient
   ^

Script31.groovy: 3: unable to resolve class java.net.http.WebSocket
 @ line 3, column 1.
   import java.net.http.WebSocket
   ^

Script31.groovy: 23: unable to resolve class WebSocket.Listener
 @ line 23, column 16.
   def listener = [
                  ^

3 errors

	at org.codehaus.groovy.jsr223.GroovyScriptEngineImpl.compile(GroovyScriptEngineImpl.java:183) ~[groovy-jsr223-3.0.20.jar:3.0.20]
	at org.apache.jmeter.util.JSR223TestElement.lambda$processFileOrScript$1(JSR223TestElement.java:225) ~[ApacheJMeter_core.jar:5.6.3]
	at com.github.benmanes.caffeine.cache.BoundedLocalCache.lambda$doComputeIfAbsent$14(BoundedLocalCache.java:2406) ~[caffeine-2.9.3.jar:?]
	at java.util.concurrent.ConcurrentHashMap.compute(Unknown Source) ~[?:1.8.0_421]
	at com.github.benmanes.caffeine.cache.BoundedLocalCache.doComputeIfAbsent(BoundedLocalCache.java:2404) ~[caffeine-2.9.3.jar:?]
	at com.github.benmanes.caffeine.cache.BoundedLocalCache.computeIfAbsent(BoundedLocalCache.java:2387) ~[caffeine-2.9.3.jar:?]
	at com.github.benmanes.caffeine.cache.LocalCache.computeIfAbsent(LocalCache.java:108) ~[caffeine-2.9.3.jar:?]
	at com.github.benmanes.caffeine.cache.LocalManualCache.get(LocalManualCache.java:62) ~[caffeine-2.9.3.jar:?]
	at org.apache.jmeter.util.JSR223TestElement.getCompiledScript(JSR223TestElement.java:252) ~[ApacheJMeter_core.jar:5.6.3]
	at org.apache.jmeter.util.JSR223TestElement.processFileOrScript(JSR223TestElement.java:223) ~[ApacheJMeter_core.jar:5.6.3]
	at org.apache.jmeter.protocol.java.sampler.JSR223Sampler.sample(JSR223Sampler.java:72) [ApacheJMeter_java.jar:5.6.3]
	at org.apache.jmeter.threads.JMeterThread.doSampling(JMeterThread.java:651) [ApacheJMeter_core.jar:5.6.3]
	at org.apache.jmeter.threads.JMeterThread.executeSamplePackage(JMeterThread.java:570) [ApacheJMeter_core.jar:5.6.3]
	at org.apache.jmeter.threads.JMeterThread.processSampler(JMeterThread.java:501) [ApacheJMeter_core.jar:5.6.3]
	at org.apache.jmeter.threads.JMeterThread.run(JMeterThread.java:268) [ApacheJMeter_core.jar:5.6.3]
	at java.lang.Thread.run(Unknown Source) [?:1.8.0_421]
	Suppressed: java.lang.IllegalStateException: Unable to compile script StringScriptCacheKey{contents='b48fa167062d4d3014c121ca6bd42b79'}
		at org.apache.jmeter.util.JSR223TestElement.getCompiledScript(JSR223TestElement.java:264) ~[ApacheJMeter_core.jar:5.6.3]
		at org.apache.jmeter.util.JSR223TestElement.processFileOrScript(JSR223TestElement.java:223) ~[ApacheJMeter_core.jar:5.6.3]
		at org.apache.jmeter.protocol.java.sampler.JSR223Sampler.sample(JSR223Sampler.java:72) [ApacheJMeter_java.jar:5.6.3]
		at org.apache.jmeter.threads.JMeterThread.doSampling(JMeterThread.java:651) [ApacheJMeter_core.jar:5.6.3]
		at org.apache.jmeter.threads.JMeterThread.executeSamplePackage(JMeterThread.java:570) [ApacheJMeter_core.jar:5.6.3]
		at org.apache.jmeter.threads.JMeterThread.processSampler(JMeterThread.java:501) [ApacheJMeter_core.jar:5.6.3]
		at org.apache.jmeter.threads.JMeterThread.run(JMeterThread.java:268) [ApacheJMeter_core.jar:5.6.3]
		at java.lang.Thread.run(Unknown Source) [?:1.8.0_421]
Caused by: org.codehaus.groovy.control.MultipleCompilationErrorsException: startup failed:
Script31.groovy: 2: unable to resolve class java.net.http.HttpClient
 @ line 2, column 1.
   import java.net.http.HttpClient
   ^

Script31.groovy: 3: unable to resolve class java.net.http.WebSocket
 @ line 3, column 1.
   import java.net.http.WebSocket
   ^

Script31.groovy: 23: unable to resolve class WebSocket.Listener
 @ line 23, column 16.
   def listener = [
                  ^

3 errors

	at org.codehaus.groovy.control.ErrorCollector.failIfErrors(ErrorCollector.java:292) ~[groovy-3.0.20.jar:3.0.20]
	at org.codehaus.groovy.control.CompilationUnit$ISourceUnitOperation.doPhaseOperation(CompilationUnit.java:915) ~[groovy-3.0.20.jar:3.0.20]
	at org.codehaus.groovy.control.CompilationUnit.compile(CompilationUnit.java:628) ~[groovy-3.0.20.jar:3.0.20]
	at groovy.lang.GroovyClassLoader.doParseClass(GroovyClassLoader.java:389) ~[groovy-3.0.20.jar:3.0.20]
	at groovy.lang.GroovyClassLoader.lambda$parseClass$3(GroovyClassLoader.java:332) ~[groovy-3.0.20.jar:3.0.20]
	at org.codehaus.groovy.runtime.memoize.StampedCommonCache.compute(StampedCommonCache.java:163) ~[groovy-3.0.20.jar:3.0.20]
	at org.codehaus.groovy.runtime.memoize.StampedCommonCache.getAndPut(StampedCommonCache.java:154) ~[groovy-3.0.20.jar:3.0.20]
	at groovy.lang.GroovyClassLoader.parseClass(GroovyClassLoader.java:330) ~[groovy-3.0.20.jar:3.0.20]
	at groovy.lang.GroovyClassLoader.parseClass(GroovyClassLoader.java:314) ~[groovy-3.0.20.jar:3.0.20]
	at groovy.lang.GroovyClassLoader.parseClass(GroovyClassLoader.java:257) ~[groovy-3.0.20.jar:3.0.20]
	at org.codehaus.groovy.jsr223.GroovyScriptEngineImpl.getScriptClass(GroovyScriptEngineImpl.java:336) ~[groovy-jsr223-3.0.20.jar:3.0.20]
	at org.codehaus.groovy.jsr223.GroovyScriptEngineImpl.compile(GroovyScriptEngineImpl.java:181) ~[groovy-jsr223-3.0.20.jar:3.0.20]
	... 15 more
2026-04-05 16:24:27,778 INFO o.a.j.t.JMeterThread: Thread is done: WebSocket Clients 1-32
2026-04-05 16:24:27,778 INFO o.a.j.t.JMeterThread: Thread finished: WebSocket Clients 1-32
2026-04-05 16:24:28,063 ERROR o.a.j.p.j.s.JSR223Sampler: Problem in JSR223 script Open WebSocket And Join Group, message: javax.script.ScriptException: org.codehaus.groovy.control.MultipleCompilationErrorsException: startup failed:
Script32.groovy: 2: unable to resolve class java.net.http.HttpClient
 @ line 2, column 1.
   import java.net.http.HttpClient
   ^

Script32.groovy: 3: unable to resolve class java.net.http.WebSocket
 @ line 3, column 1.
   import java.net.http.WebSocket
   ^

Script32.groovy: 23: unable to resolve class WebSocket.Listener
 @ line 23, column 16.
   def listener = [
                  ^

3 errors

javax.script.ScriptException: org.codehaus.groovy.control.MultipleCompilationErrorsException: startup failed:
Script32.groovy: 2: unable to resolve class java.net.http.HttpClient
 @ line 2, column 1.
   import java.net.http.HttpClient
   ^

Script32.groovy: 3: unable to resolve class java.net.http.WebSocket
 @ line 3, column 1.
   import java.net.http.WebSocket
   ^

Script32.groovy: 23: unable to resolve class WebSocket.Listener
 @ line 23, column 16.
   def listener = [
                  ^

3 errors

	at org.codehaus.groovy.jsr223.GroovyScriptEngineImpl.compile(GroovyScriptEngineImpl.java:183) ~[groovy-jsr223-3.0.20.jar:3.0.20]
	at org.apache.jmeter.util.JSR223TestElement.lambda$processFileOrScript$1(JSR223TestElement.java:225) ~[ApacheJMeter_core.jar:5.6.3]
	at com.github.benmanes.caffeine.cache.BoundedLocalCache.lambda$doComputeIfAbsent$14(BoundedLocalCache.java:2406) ~[caffeine-2.9.3.jar:?]
	at java.util.concurrent.ConcurrentHashMap.compute(Unknown Source) ~[?:1.8.0_421]
	at com.github.benmanes.caffeine.cache.BoundedLocalCache.doComputeIfAbsent(BoundedLocalCache.java:2404) ~[caffeine-2.9.3.jar:?]
	at com.github.benmanes.caffeine.cache.BoundedLocalCache.computeIfAbsent(BoundedLocalCache.java:2387) ~[caffeine-2.9.3.jar:?]
	at com.github.benmanes.caffeine.cache.LocalCache.computeIfAbsent(LocalCache.java:108) ~[caffeine-2.9.3.jar:?]
	at com.github.benmanes.caffeine.cache.LocalManualCache.get(LocalManualCache.java:62) ~[caffeine-2.9.3.jar:?]
	at org.apache.jmeter.util.JSR223TestElement.getCompiledScript(JSR223TestElement.java:252) ~[ApacheJMeter_core.jar:5.6.3]
	at org.apache.jmeter.util.JSR223TestElement.processFileOrScript(JSR223TestElement.java:223) ~[ApacheJMeter_core.jar:5.6.3]
	at org.apache.jmeter.protocol.java.sampler.JSR223Sampler.sample(JSR223Sampler.java:72) [ApacheJMeter_java.jar:5.6.3]
	at org.apache.jmeter.threads.JMeterThread.doSampling(JMeterThread.java:651) [ApacheJMeter_core.jar:5.6.3]
	at org.apache.jmeter.threads.JMeterThread.executeSamplePackage(JMeterThread.java:570) [ApacheJMeter_core.jar:5.6.3]
	at org.apache.jmeter.threads.JMeterThread.processSampler(JMeterThread.java:501) [ApacheJMeter_core.jar:5.6.3]
	at org.apache.jmeter.threads.JMeterThread.run(JMeterThread.java:268) [ApacheJMeter_core.jar:5.6.3]
	at java.lang.Thread.run(Unknown Source) [?:1.8.0_421]
	Suppressed: java.lang.IllegalStateException: Unable to compile script StringScriptCacheKey{contents='ec02b31b365e53be93681eba2d7633c3'}
		at org.apache.jmeter.util.JSR223TestElement.getCompiledScript(JSR223TestElement.java:264) ~[ApacheJMeter_core.jar:5.6.3]
		at org.apache.jmeter.util.JSR223TestElement.processFileOrScript(JSR223TestElement.java:223) ~[ApacheJMeter_core.jar:5.6.3]
		at org.apache.jmeter.protocol.java.sampler.JSR223Sampler.sample(JSR223Sampler.java:72) [ApacheJMeter_java.jar:5.6.3]
		at org.apache.jmeter.threads.JMeterThread.doSampling(JMeterThread.java:651) [ApacheJMeter_core.jar:5.6.3]
		at org.apache.jmeter.threads.JMeterThread.executeSamplePackage(JMeterThread.java:570) [ApacheJMeter_core.jar:5.6.3]
		at org.apache.jmeter.threads.JMeterThread.processSampler(JMeterThread.java:501) [ApacheJMeter_core.jar:5.6.3]
		at org.apache.jmeter.threads.JMeterThread.run(JMeterThread.java:268) [ApacheJMeter_core.jar:5.6.3]
		at java.lang.Thread.run(Unknown Source) [?:1.8.0_421]
Caused by: org.codehaus.groovy.control.MultipleCompilationErrorsException: startup failed:
Script32.groovy: 2: unable to resolve class java.net.http.HttpClient
 @ line 2, column 1.
   import java.net.http.HttpClient
   ^

Script32.groovy: 3: unable to resolve class java.net.http.WebSocket
 @ line 3, column 1.
   import java.net.http.WebSocket
   ^

Script32.groovy: 23: unable to resolve class WebSocket.Listener
 @ line 23, column 16.
   def listener = [
                  ^

3 errors

	at org.codehaus.groovy.control.ErrorCollector.failIfErrors(ErrorCollector.java:292) ~[groovy-3.0.20.jar:3.0.20]
	at org.codehaus.groovy.control.CompilationUnit$ISourceUnitOperation.doPhaseOperation(CompilationUnit.java:915) ~[groovy-3.0.20.jar:3.0.20]
	at org.codehaus.groovy.control.CompilationUnit.compile(CompilationUnit.java:628) ~[groovy-3.0.20.jar:3.0.20]
	at groovy.lang.GroovyClassLoader.doParseClass(GroovyClassLoader.java:389) ~[groovy-3.0.20.jar:3.0.20]
	at groovy.lang.GroovyClassLoader.lambda$parseClass$3(GroovyClassLoader.java:332) ~[groovy-3.0.20.jar:3.0.20]
	at org.codehaus.groovy.runtime.memoize.StampedCommonCache.compute(StampedCommonCache.java:163) ~[groovy-3.0.20.jar:3.0.20]
	at org.codehaus.groovy.runtime.memoize.StampedCommonCache.getAndPut(StampedCommonCache.java:154) ~[groovy-3.0.20.jar:3.0.20]
	at groovy.lang.GroovyClassLoader.parseClass(GroovyClassLoader.java:330) ~[groovy-3.0.20.jar:3.0.20]
	at groovy.lang.GroovyClassLoader.parseClass(GroovyClassLoader.java:314) ~[groovy-3.0.20.jar:3.0.20]
	at groovy.lang.GroovyClassLoader.parseClass(GroovyClassLoader.java:257) ~[groovy-3.0.20.jar:3.0.20]
	at org.codehaus.groovy.jsr223.GroovyScriptEngineImpl.getScriptClass(GroovyScriptEngineImpl.java:336) ~[groovy-jsr223-3.0.20.jar:3.0.20]
	at org.codehaus.groovy.jsr223.GroovyScriptEngineImpl.compile(GroovyScriptEngineImpl.java:181) ~[groovy-jsr223-3.0.20.jar:3.0.20]
	... 15 more
2026-04-05 16:24:28,066 INFO o.a.j.t.JMeterThread: Thread is done: WebSocket Clients 1-31
2026-04-05 16:24:28,067 INFO o.a.j.t.JMeterThread: Thread finished: WebSocket Clients 1-31
2026-04-05 16:24:28,348 INFO o.a.j.t.JMeterThread: Thread started: WebSocket Clients 1-34
2026-04-05 16:24:28,942 INFO o.a.j.t.JMeterThread: Thread started: WebSocket Clients 1-35
2026-04-05 16:24:28,947 ERROR o.a.j.p.j.s.JSR223Sampler: Problem in JSR223 script Open WebSocket And Join Group, message: javax.script.ScriptException: org.codehaus.groovy.control.MultipleCompilationErrorsException: startup failed:
Script33.groovy: 2: unable to resolve class java.net.http.HttpClient
 @ line 2, column 1.
   import java.net.http.HttpClient
   ^

Script33.groovy: 3: unable to resolve class java.net.http.WebSocket
 @ line 3, column 1.
   import java.net.http.WebSocket
   ^

Script33.groovy: 23: unable to resolve class WebSocket.Listener
 @ line 23, column 16.
   def listener = [
                  ^

3 errors

javax.script.ScriptException: org.codehaus.groovy.control.MultipleCompilationErrorsException: startup failed:
Script33.groovy: 2: unable to resolve class java.net.http.HttpClient
 @ line 2, column 1.
   import java.net.http.HttpClient
   ^

Script33.groovy: 3: unable to resolve class java.net.http.WebSocket
 @ line 3, column 1.
   import java.net.http.WebSocket
   ^

Script33.groovy: 23: unable to resolve class WebSocket.Listener
 @ line 23, column 16.
   def listener = [
                  ^

3 errors

	at org.codehaus.groovy.jsr223.GroovyScriptEngineImpl.compile(GroovyScriptEngineImpl.java:183) ~[groovy-jsr223-3.0.20.jar:3.0.20]
	at org.apache.jmeter.util.JSR223TestElement.lambda$processFileOrScript$1(JSR223TestElement.java:225) ~[ApacheJMeter_core.jar:5.6.3]
	at com.github.benmanes.caffeine.cache.BoundedLocalCache.lambda$doComputeIfAbsent$14(BoundedLocalCache.java:2406) ~[caffeine-2.9.3.jar:?]
	at java.util.concurrent.ConcurrentHashMap.compute(Unknown Source) ~[?:1.8.0_421]
	at com.github.benmanes.caffeine.cache.BoundedLocalCache.doComputeIfAbsent(BoundedLocalCache.java:2404) ~[caffeine-2.9.3.jar:?]
	at com.github.benmanes.caffeine.cache.BoundedLocalCache.computeIfAbsent(BoundedLocalCache.java:2387) ~[caffeine-2.9.3.jar:?]
	at com.github.benmanes.caffeine.cache.LocalCache.computeIfAbsent(LocalCache.java:108) ~[caffeine-2.9.3.jar:?]
	at com.github.benmanes.caffeine.cache.LocalManualCache.get(LocalManualCache.java:62) ~[caffeine-2.9.3.jar:?]
	at org.apache.jmeter.util.JSR223TestElement.getCompiledScript(JSR223TestElement.java:252) ~[ApacheJMeter_core.jar:5.6.3]
	at org.apache.jmeter.util.JSR223TestElement.processFileOrScript(JSR223TestElement.java:223) ~[ApacheJMeter_core.jar:5.6.3]
	at org.apache.jmeter.protocol.java.sampler.JSR223Sampler.sample(JSR223Sampler.java:72) [ApacheJMeter_java.jar:5.6.3]
	at org.apache.jmeter.threads.JMeterThread.doSampling(JMeterThread.java:651) [ApacheJMeter_core.jar:5.6.3]
	at org.apache.jmeter.threads.JMeterThread.executeSamplePackage(JMeterThread.java:570) [ApacheJMeter_core.jar:5.6.3]
	at org.apache.jmeter.threads.JMeterThread.processSampler(JMeterThread.java:501) [ApacheJMeter_core.jar:5.6.3]
	at org.apache.jmeter.threads.JMeterThread.run(JMeterThread.java:268) [ApacheJMeter_core.jar:5.6.3]
	at java.lang.Thread.run(Unknown Source) [?:1.8.0_421]
	Suppressed: java.lang.IllegalStateException: Unable to compile script StringScriptCacheKey{contents='58cb05f406f4e88903124d684bc09a41'}
		at org.apache.jmeter.util.JSR223TestElement.getCompiledScript(JSR223TestElement.java:264) ~[ApacheJMeter_core.jar:5.6.3]
		at org.apache.jmeter.util.JSR223TestElement.processFileOrScript(JSR223TestElement.java:223) ~[ApacheJMeter_core.jar:5.6.3]
		at org.apache.jmeter.protocol.java.sampler.JSR223Sampler.sample(JSR223Sampler.java:72) [ApacheJMeter_java.jar:5.6.3]
		at org.apache.jmeter.threads.JMeterThread.doSampling(JMeterThread.java:651) [ApacheJMeter_core.jar:5.6.3]
		at org.apache.jmeter.threads.JMeterThread.executeSamplePackage(JMeterThread.java:570) [ApacheJMeter_core.jar:5.6.3]
		at org.apache.jmeter.threads.JMeterThread.processSampler(JMeterThread.java:501) [ApacheJMeter_core.jar:5.6.3]
		at org.apache.jmeter.threads.JMeterThread.run(JMeterThread.java:268) [ApacheJMeter_core.jar:5.6.3]
		at java.lang.Thread.run(Unknown Source) [?:1.8.0_421]
Caused by: org.codehaus.groovy.control.MultipleCompilationErrorsException: startup failed:
Script33.groovy: 2: unable to resolve class java.net.http.HttpClient
 @ line 2, column 1.
   import java.net.http.HttpClient
   ^

Script33.groovy: 3: unable to resolve class java.net.http.WebSocket
 @ line 3, column 1.
   import java.net.http.WebSocket
   ^

Script33.groovy: 23: unable to resolve class WebSocket.Listener
 @ line 23, column 16.
   def listener = [
                  ^

3 errors

	at org.codehaus.groovy.control.ErrorCollector.failIfErrors(ErrorCollector.java:292) ~[groovy-3.0.20.jar:3.0.20]
	at org.codehaus.groovy.control.CompilationUnit$ISourceUnitOperation.doPhaseOperation(CompilationUnit.java:915) ~[groovy-3.0.20.jar:3.0.20]
	at org.codehaus.groovy.control.CompilationUnit.compile(CompilationUnit.java:628) ~[groovy-3.0.20.jar:3.0.20]
	at groovy.lang.GroovyClassLoader.doParseClass(GroovyClassLoader.java:389) ~[groovy-3.0.20.jar:3.0.20]
	at groovy.lang.GroovyClassLoader.lambda$parseClass$3(GroovyClassLoader.java:332) ~[groovy-3.0.20.jar:3.0.20]
	at org.codehaus.groovy.runtime.memoize.StampedCommonCache.compute(StampedCommonCache.java:163) ~[groovy-3.0.20.jar:3.0.20]
	at org.codehaus.groovy.runtime.memoize.StampedCommonCache.getAndPut(StampedCommonCache.java:154) ~[groovy-3.0.20.jar:3.0.20]
	at groovy.lang.GroovyClassLoader.parseClass(GroovyClassLoader.java:330) ~[groovy-3.0.20.jar:3.0.20]
	at groovy.lang.GroovyClassLoader.parseClass(GroovyClassLoader.java:314) ~[groovy-3.0.20.jar:3.0.20]
	at groovy.lang.GroovyClassLoader.parseClass(GroovyClassLoader.java:257) ~[groovy-3.0.20.jar:3.0.20]
	at org.codehaus.groovy.jsr223.GroovyScriptEngineImpl.getScriptClass(GroovyScriptEngineImpl.java:336) ~[groovy-jsr223-3.0.20.jar:3.0.20]
	at org.codehaus.groovy.jsr223.GroovyScriptEngineImpl.compile(GroovyScriptEngineImpl.java:181) ~[groovy-jsr223-3.0.20.jar:3.0.20]
	... 15 more
2026-04-05 16:24:28,949 INFO o.a.j.t.JMeterThread: Thread is done: WebSocket Clients 1-34
2026-04-05 16:24:28,949 INFO o.a.j.t.JMeterThread: Thread finished: WebSocket Clients 1-34
2026-04-05 16:24:29,136 ERROR o.a.j.p.j.s.JSR223Sampler: Problem in JSR223 script Open WebSocket And Join Group, message: javax.script.ScriptException: org.codehaus.groovy.control.MultipleCompilationErrorsException: startup failed:
Script34.groovy: 2: unable to resolve class java.net.http.HttpClient
 @ line 2, column 1.
   import java.net.http.HttpClient
   ^

Script34.groovy: 3: unable to resolve class java.net.http.WebSocket
 @ line 3, column 1.
   import java.net.http.WebSocket
   ^

Script34.groovy: 23: unable to resolve class WebSocket.Listener
 @ line 23, column 16.
   def listener = [
                  ^

3 errors

javax.script.ScriptException: org.codehaus.groovy.control.MultipleCompilationErrorsException: startup failed:
Script34.groovy: 2: unable to resolve class java.net.http.HttpClient
 @ line 2, column 1.
   import java.net.http.HttpClient
   ^

Script34.groovy: 3: unable to resolve class java.net.http.WebSocket
 @ line 3, column 1.
   import java.net.http.WebSocket
   ^

Script34.groovy: 23: unable to resolve class WebSocket.Listener
 @ line 23, column 16.
   def listener = [
                  ^

3 errors

	at org.codehaus.groovy.jsr223.GroovyScriptEngineImpl.compile(GroovyScriptEngineImpl.java:183) ~[groovy-jsr223-3.0.20.jar:3.0.20]
	at org.apache.jmeter.util.JSR223TestElement.lambda$processFileOrScript$1(JSR223TestElement.java:225) ~[ApacheJMeter_core.jar:5.6.3]
	at com.github.benmanes.caffeine.cache.BoundedLocalCache.lambda$doComputeIfAbsent$14(BoundedLocalCache.java:2406) ~[caffeine-2.9.3.jar:?]
	at java.util.concurrent.ConcurrentHashMap.compute(Unknown Source) ~[?:1.8.0_421]
	at com.github.benmanes.caffeine.cache.BoundedLocalCache.doComputeIfAbsent(BoundedLocalCache.java:2404) ~[caffeine-2.9.3.jar:?]
	at com.github.benmanes.caffeine.cache.BoundedLocalCache.computeIfAbsent(BoundedLocalCache.java:2387) ~[caffeine-2.9.3.jar:?]
	at com.github.benmanes.caffeine.cache.LocalCache.computeIfAbsent(LocalCache.java:108) ~[caffeine-2.9.3.jar:?]
	at com.github.benmanes.caffeine.cache.LocalManualCache.get(LocalManualCache.java:62) ~[caffeine-2.9.3.jar:?]
	at org.apache.jmeter.util.JSR223TestElement.getCompiledScript(JSR223TestElement.java:252) ~[ApacheJMeter_core.jar:5.6.3]
	at org.apache.jmeter.util.JSR223TestElement.processFileOrScript(JSR223TestElement.java:223) ~[ApacheJMeter_core.jar:5.6.3]
	at org.apache.jmeter.protocol.java.sampler.JSR223Sampler.sample(JSR223Sampler.java:72) [ApacheJMeter_java.jar:5.6.3]
	at org.apache.jmeter.threads.JMeterThread.doSampling(JMeterThread.java:651) [ApacheJMeter_core.jar:5.6.3]
	at org.apache.jmeter.threads.JMeterThread.executeSamplePackage(JMeterThread.java:570) [ApacheJMeter_core.jar:5.6.3]
	at org.apache.jmeter.threads.JMeterThread.processSampler(JMeterThread.java:501) [ApacheJMeter_core.jar:5.6.3]
	at org.apache.jmeter.threads.JMeterThread.run(JMeterThread.java:268) [ApacheJMeter_core.jar:5.6.3]
	at java.lang.Thread.run(Unknown Source) [?:1.8.0_421]
	Suppressed: java.lang.IllegalStateException: Unable to compile script StringScriptCacheKey{contents='a1b312264fa0e0f877299f03e42cb618'}
		at org.apache.jmeter.util.JSR223TestElement.getCompiledScript(JSR223TestElement.java:264) ~[ApacheJMeter_core.jar:5.6.3]
		at org.apache.jmeter.util.JSR223TestElement.processFileOrScript(JSR223TestElement.java:223) ~[ApacheJMeter_core.jar:5.6.3]
		at org.apache.jmeter.protocol.java.sampler.JSR223Sampler.sample(JSR223Sampler.java:72) [ApacheJMeter_java.jar:5.6.3]
		at org.apache.jmeter.threads.JMeterThread.doSampling(JMeterThread.java:651) [ApacheJMeter_core.jar:5.6.3]
		at org.apache.jmeter.threads.JMeterThread.executeSamplePackage(JMeterThread.java:570) [ApacheJMeter_core.jar:5.6.3]
		at org.apache.jmeter.threads.JMeterThread.processSampler(JMeterThread.java:501) [ApacheJMeter_core.jar:5.6.3]
		at org.apache.jmeter.threads.JMeterThread.run(JMeterThread.java:268) [ApacheJMeter_core.jar:5.6.3]
		at java.lang.Thread.run(Unknown Source) [?:1.8.0_421]
Caused by: org.codehaus.groovy.control.MultipleCompilationErrorsException: startup failed:
Script34.groovy: 2: unable to resolve class java.net.http.HttpClient
 @ line 2, column 1.
   import java.net.http.HttpClient
   ^

Script34.groovy: 3: unable to resolve class java.net.http.WebSocket
 @ line 3, column 1.
   import java.net.http.WebSocket
   ^

Script34.groovy: 23: unable to resolve class WebSocket.Listener
 @ line 23, column 16.
   def listener = [
                  ^

3 errors

	at org.codehaus.groovy.control.ErrorCollector.failIfErrors(ErrorCollector.java:292) ~[groovy-3.0.20.jar:3.0.20]
	at org.codehaus.groovy.control.CompilationUnit$ISourceUnitOperation.doPhaseOperation(CompilationUnit.java:915) ~[groovy-3.0.20.jar:3.0.20]
	at org.codehaus.groovy.control.CompilationUnit.compile(CompilationUnit.java:628) ~[groovy-3.0.20.jar:3.0.20]
	at groovy.lang.GroovyClassLoader.doParseClass(GroovyClassLoader.java:389) ~[groovy-3.0.20.jar:3.0.20]
	at groovy.lang.GroovyClassLoader.lambda$parseClass$3(GroovyClassLoader.java:332) ~[groovy-3.0.20.jar:3.0.20]
	at org.codehaus.groovy.runtime.memoize.StampedCommonCache.compute(StampedCommonCache.java:163) ~[groovy-3.0.20.jar:3.0.20]
	at org.codehaus.groovy.runtime.memoize.StampedCommonCache.getAndPut(StampedCommonCache.java:154) ~[groovy-3.0.20.jar:3.0.20]
	at groovy.lang.GroovyClassLoader.parseClass(GroovyClassLoader.java:330) ~[groovy-3.0.20.jar:3.0.20]
	at groovy.lang.GroovyClassLoader.parseClass(GroovyClassLoader.java:314) ~[groovy-3.0.20.jar:3.0.20]
	at groovy.lang.GroovyClassLoader.parseClass(GroovyClassLoader.java:257) ~[groovy-3.0.20.jar:3.0.20]
	at org.codehaus.groovy.jsr223.GroovyScriptEngineImpl.getScriptClass(GroovyScriptEngineImpl.java:336) ~[groovy-jsr223-3.0.20.jar:3.0.20]
	at org.codehaus.groovy.jsr223.GroovyScriptEngineImpl.compile(GroovyScriptEngineImpl.java:181) ~[groovy-jsr223-3.0.20.jar:3.0.20]
	... 15 more
2026-04-05 16:24:29,139 INFO o.a.j.t.JMeterThread: Thread is done: WebSocket Clients 1-33
2026-04-05 16:24:29,139 INFO o.a.j.t.JMeterThread: Thread finished: WebSocket Clients 1-33
2026-04-05 16:24:29,548 INFO o.a.j.t.JMeterThread: Thread started: WebSocket Clients 1-36
2026-04-05 16:24:30,173 INFO o.a.j.t.JMeterThread: Thread started: WebSocket Clients 1-37
2026-04-05 16:24:30,177 ERROR o.a.j.p.j.s.JSR223Sampler: Problem in JSR223 script Open WebSocket And Join Group, message: javax.script.ScriptException: org.codehaus.groovy.control.MultipleCompilationErrorsException: startup failed:
Script35.groovy: 2: unable to resolve class java.net.http.HttpClient
 @ line 2, column 1.
   import java.net.http.HttpClient
   ^

Script35.groovy: 3: unable to resolve class java.net.http.WebSocket
 @ line 3, column 1.
   import java.net.http.WebSocket
   ^

Script35.groovy: 23: unable to resolve class WebSocket.Listener
 @ line 23, column 16.
   def listener = [
                  ^

3 errors

javax.script.ScriptException: org.codehaus.groovy.control.MultipleCompilationErrorsException: startup failed:
Script35.groovy: 2: unable to resolve class java.net.http.HttpClient
 @ line 2, column 1.
   import java.net.http.HttpClient
   ^

Script35.groovy: 3: unable to resolve class java.net.http.WebSocket
 @ line 3, column 1.
   import java.net.http.WebSocket
   ^

Script35.groovy: 23: unable to resolve class WebSocket.Listener
 @ line 23, column 16.
   def listener = [
                  ^

3 errors

	at org.codehaus.groovy.jsr223.GroovyScriptEngineImpl.compile(GroovyScriptEngineImpl.java:183) ~[groovy-jsr223-3.0.20.jar:3.0.20]
	at org.apache.jmeter.util.JSR223TestElement.lambda$processFileOrScript$1(JSR223TestElement.java:225) ~[ApacheJMeter_core.jar:5.6.3]
	at com.github.benmanes.caffeine.cache.BoundedLocalCache.lambda$doComputeIfAbsent$14(BoundedLocalCache.java:2406) ~[caffeine-2.9.3.jar:?]
	at java.util.concurrent.ConcurrentHashMap.compute(Unknown Source) ~[?:1.8.0_421]
	at com.github.benmanes.caffeine.cache.BoundedLocalCache.doComputeIfAbsent(BoundedLocalCache.java:2404) ~[caffeine-2.9.3.jar:?]
	at com.github.benmanes.caffeine.cache.BoundedLocalCache.computeIfAbsent(BoundedLocalCache.java:2387) ~[caffeine-2.9.3.jar:?]
	at com.github.benmanes.caffeine.cache.LocalCache.computeIfAbsent(LocalCache.java:108) ~[caffeine-2.9.3.jar:?]
	at com.github.benmanes.caffeine.cache.LocalManualCache.get(LocalManualCache.java:62) ~[caffeine-2.9.3.jar:?]
	at org.apache.jmeter.util.JSR223TestElement.getCompiledScript(JSR223TestElement.java:252) ~[ApacheJMeter_core.jar:5.6.3]
	at org.apache.jmeter.util.JSR223TestElement.processFileOrScript(JSR223TestElement.java:223) ~[ApacheJMeter_core.jar:5.6.3]
	at org.apache.jmeter.protocol.java.sampler.JSR223Sampler.sample(JSR223Sampler.java:72) [ApacheJMeter_java.jar:5.6.3]
	at org.apache.jmeter.threads.JMeterThread.doSampling(JMeterThread.java:651) [ApacheJMeter_core.jar:5.6.3]
	at org.apache.jmeter.threads.JMeterThread.executeSamplePackage(JMeterThread.java:570) [ApacheJMeter_core.jar:5.6.3]
	at org.apache.jmeter.threads.JMeterThread.processSampler(JMeterThread.java:501) [ApacheJMeter_core.jar:5.6.3]
	at org.apache.jmeter.threads.JMeterThread.run(JMeterThread.java:268) [ApacheJMeter_core.jar:5.6.3]
	at java.lang.Thread.run(Unknown Source) [?:1.8.0_421]
	Suppressed: java.lang.IllegalStateException: Unable to compile script StringScriptCacheKey{contents='014c1f162c909a2f17e05d7bbc824e10'}
		at org.apache.jmeter.util.JSR223TestElement.getCompiledScript(JSR223TestElement.java:264) ~[ApacheJMeter_core.jar:5.6.3]
		at org.apache.jmeter.util.JSR223TestElement.processFileOrScript(JSR223TestElement.java:223) ~[ApacheJMeter_core.jar:5.6.3]
		at org.apache.jmeter.protocol.java.sampler.JSR223Sampler.sample(JSR223Sampler.java:72) [ApacheJMeter_java.jar:5.6.3]
		at org.apache.jmeter.threads.JMeterThread.doSampling(JMeterThread.java:651) [ApacheJMeter_core.jar:5.6.3]
		at org.apache.jmeter.threads.JMeterThread.executeSamplePackage(JMeterThread.java:570) [ApacheJMeter_core.jar:5.6.3]
		at org.apache.jmeter.threads.JMeterThread.processSampler(JMeterThread.java:501) [ApacheJMeter_core.jar:5.6.3]
		at org.apache.jmeter.threads.JMeterThread.run(JMeterThread.java:268) [ApacheJMeter_core.jar:5.6.3]
		at java.lang.Thread.run(Unknown Source) [?:1.8.0_421]
Caused by: org.codehaus.groovy.control.MultipleCompilationErrorsException: startup failed:
Script35.groovy: 2: unable to resolve class java.net.http.HttpClient
 @ line 2, column 1.
   import java.net.http.HttpClient
   ^

Script35.groovy: 3: unable to resolve class java.net.http.WebSocket
 @ line 3, column 1.
   import java.net.http.WebSocket
   ^

Script35.groovy: 23: unable to resolve class WebSocket.Listener
 @ line 23, column 16.
   def listener = [
                  ^

3 errors

	at org.codehaus.groovy.control.ErrorCollector.failIfErrors(ErrorCollector.java:292) ~[groovy-3.0.20.jar:3.0.20]
	at org.codehaus.groovy.control.CompilationUnit$ISourceUnitOperation.doPhaseOperation(CompilationUnit.java:915) ~[groovy-3.0.20.jar:3.0.20]
	at org.codehaus.groovy.control.CompilationUnit.compile(CompilationUnit.java:628) ~[groovy-3.0.20.jar:3.0.20]
	at groovy.lang.GroovyClassLoader.doParseClass(GroovyClassLoader.java:389) ~[groovy-3.0.20.jar:3.0.20]
	at groovy.lang.GroovyClassLoader.lambda$parseClass$3(GroovyClassLoader.java:332) ~[groovy-3.0.20.jar:3.0.20]
	at org.codehaus.groovy.runtime.memoize.StampedCommonCache.compute(StampedCommonCache.java:163) ~[groovy-3.0.20.jar:3.0.20]
	at org.codehaus.groovy.runtime.memoize.StampedCommonCache.getAndPut(StampedCommonCache.java:154) ~[groovy-3.0.20.jar:3.0.20]
	at groovy.lang.GroovyClassLoader.parseClass(GroovyClassLoader.java:330) ~[groovy-3.0.20.jar:3.0.20]
	at groovy.lang.GroovyClassLoader.parseClass(GroovyClassLoader.java:314) ~[groovy-3.0.20.jar:3.0.20]
	at groovy.lang.GroovyClassLoader.parseClass(GroovyClassLoader.java:257) ~[groovy-3.0.20.jar:3.0.20]
	at org.codehaus.groovy.jsr223.GroovyScriptEngineImpl.getScriptClass(GroovyScriptEngineImpl.java:336) ~[groovy-jsr223-3.0.20.jar:3.0.20]
	at org.codehaus.groovy.jsr223.GroovyScriptEngineImpl.compile(GroovyScriptEngineImpl.java:181) ~[groovy-jsr223-3.0.20.jar:3.0.20]
	... 15 more
2026-04-05 16:24:30,183 INFO o.a.j.r.Summariser: summary +    105 in 00:00:22 =    4.8/s Avg:   401 Min:     3 Max:  2448 Err:    88 (83.81%) Active: 3 Started: 37 Finished: 34
2026-04-05 16:24:30,190 INFO o.a.j.t.JMeterThread: Thread is done: WebSocket Clients 1-36
2026-04-05 16:24:30,190 INFO o.a.j.t.JMeterThread: Thread finished: WebSocket Clients 1-36
2026-04-05 16:24:30,419 ERROR o.a.j.p.j.s.JSR223Sampler: Problem in JSR223 script Open WebSocket And Join Group, message: javax.script.ScriptException: org.codehaus.groovy.control.MultipleCompilationErrorsException: startup failed:
Script36.groovy: 2: unable to resolve class java.net.http.HttpClient
 @ line 2, column 1.
   import java.net.http.HttpClient
   ^

Script36.groovy: 3: unable to resolve class java.net.http.WebSocket
 @ line 3, column 1.
   import java.net.http.WebSocket
   ^

Script36.groovy: 23: unable to resolve class WebSocket.Listener
 @ line 23, column 16.
   def listener = [
                  ^

3 errors

javax.script.ScriptException: org.codehaus.groovy.control.MultipleCompilationErrorsException: startup failed:
Script36.groovy: 2: unable to resolve class java.net.http.HttpClient
 @ line 2, column 1.
   import java.net.http.HttpClient
   ^

Script36.groovy: 3: unable to resolve class java.net.http.WebSocket
 @ line 3, column 1.
   import java.net.http.WebSocket
   ^

Script36.groovy: 23: unable to resolve class WebSocket.Listener
 @ line 23, column 16.
   def listener = [
                  ^

3 errors

	at org.codehaus.groovy.jsr223.GroovyScriptEngineImpl.compile(GroovyScriptEngineImpl.java:183) ~[groovy-jsr223-3.0.20.jar:3.0.20]
	at org.apache.jmeter.util.JSR223TestElement.lambda$processFileOrScript$1(JSR223TestElement.java:225) ~[ApacheJMeter_core.jar:5.6.3]
	at com.github.benmanes.caffeine.cache.BoundedLocalCache.lambda$doComputeIfAbsent$14(BoundedLocalCache.java:2406) ~[caffeine-2.9.3.jar:?]
	at java.util.concurrent.ConcurrentHashMap.compute(Unknown Source) ~[?:1.8.0_421]
	at com.github.benmanes.caffeine.cache.BoundedLocalCache.doComputeIfAbsent(BoundedLocalCache.java:2404) ~[caffeine-2.9.3.jar:?]
	at com.github.benmanes.caffeine.cache.BoundedLocalCache.computeIfAbsent(BoundedLocalCache.java:2387) ~[caffeine-2.9.3.jar:?]
	at com.github.benmanes.caffeine.cache.LocalCache.computeIfAbsent(LocalCache.java:108) ~[caffeine-2.9.3.jar:?]
	at com.github.benmanes.caffeine.cache.LocalManualCache.get(LocalManualCache.java:62) ~[caffeine-2.9.3.jar:?]
	at org.apache.jmeter.util.JSR223TestElement.getCompiledScript(JSR223TestElement.java:252) ~[ApacheJMeter_core.jar:5.6.3]
	at org.apache.jmeter.util.JSR223TestElement.processFileOrScript(JSR223TestElement.java:223) ~[ApacheJMeter_core.jar:5.6.3]
	at org.apache.jmeter.protocol.java.sampler.JSR223Sampler.sample(JSR223Sampler.java:72) [ApacheJMeter_java.jar:5.6.3]
	at org.apache.jmeter.threads.JMeterThread.doSampling(JMeterThread.java:651) [ApacheJMeter_core.jar:5.6.3]
	at org.apache.jmeter.threads.JMeterThread.executeSamplePackage(JMeterThread.java:570) [ApacheJMeter_core.jar:5.6.3]
	at org.apache.jmeter.threads.JMeterThread.processSampler(JMeterThread.java:501) [ApacheJMeter_core.jar:5.6.3]
	at org.apache.jmeter.threads.JMeterThread.run(JMeterThread.java:268) [ApacheJMeter_core.jar:5.6.3]
	at java.lang.Thread.run(Unknown Source) [?:1.8.0_421]
	Suppressed: java.lang.IllegalStateException: Unable to compile script StringScriptCacheKey{contents='a91be7dea72f9b4c1c770fca61c641ed'}
		at org.apache.jmeter.util.JSR223TestElement.getCompiledScript(JSR223TestElement.java:264) ~[ApacheJMeter_core.jar:5.6.3]
		at org.apache.jmeter.util.JSR223TestElement.processFileOrScript(JSR223TestElement.java:223) ~[ApacheJMeter_core.jar:5.6.3]
		at org.apache.jmeter.protocol.java.sampler.JSR223Sampler.sample(JSR223Sampler.java:72) [ApacheJMeter_java.jar:5.6.3]
		at org.apache.jmeter.threads.JMeterThread.doSampling(JMeterThread.java:651) [ApacheJMeter_core.jar:5.6.3]
		at org.apache.jmeter.threads.JMeterThread.executeSamplePackage(JMeterThread.java:570) [ApacheJMeter_core.jar:5.6.3]
		at org.apache.jmeter.threads.JMeterThread.processSampler(JMeterThread.java:501) [ApacheJMeter_core.jar:5.6.3]
		at org.apache.jmeter.threads.JMeterThread.run(JMeterThread.java:268) [ApacheJMeter_core.jar:5.6.3]
		at java.lang.Thread.run(Unknown Source) [?:1.8.0_421]
Caused by: org.codehaus.groovy.control.MultipleCompilationErrorsException: startup failed:
Script36.groovy: 2: unable to resolve class java.net.http.HttpClient
 @ line 2, column 1.
   import java.net.http.HttpClient
   ^

Script36.groovy: 3: unable to resolve class java.net.http.WebSocket
 @ line 3, column 1.
   import java.net.http.WebSocket
   ^

Script36.groovy: 23: unable to resolve class WebSocket.Listener
 @ line 23, column 16.
   def listener = [
                  ^

3 errors

	at org.codehaus.groovy.control.ErrorCollector.failIfErrors(ErrorCollector.java:292) ~[groovy-3.0.20.jar:3.0.20]
	at org.codehaus.groovy.control.CompilationUnit$ISourceUnitOperation.doPhaseOperation(CompilationUnit.java:915) ~[groovy-3.0.20.jar:3.0.20]
	at org.codehaus.groovy.control.CompilationUnit.compile(CompilationUnit.java:628) ~[groovy-3.0.20.jar:3.0.20]
	at groovy.lang.GroovyClassLoader.doParseClass(GroovyClassLoader.java:389) ~[groovy-3.0.20.jar:3.0.20]
	at groovy.lang.GroovyClassLoader.lambda$parseClass$3(GroovyClassLoader.java:332) ~[groovy-3.0.20.jar:3.0.20]
	at org.codehaus.groovy.runtime.memoize.StampedCommonCache.compute(StampedCommonCache.java:163) ~[groovy-3.0.20.jar:3.0.20]
	at org.codehaus.groovy.runtime.memoize.StampedCommonCache.getAndPut(StampedCommonCache.java:154) ~[groovy-3.0.20.jar:3.0.20]
	at groovy.lang.GroovyClassLoader.parseClass(GroovyClassLoader.java:330) ~[groovy-3.0.20.jar:3.0.20]
	at groovy.lang.GroovyClassLoader.parseClass(GroovyClassLoader.java:314) ~[groovy-3.0.20.jar:3.0.20]
	at groovy.lang.GroovyClassLoader.parseClass(GroovyClassLoader.java:257) ~[groovy-3.0.20.jar:3.0.20]
	at org.codehaus.groovy.jsr223.GroovyScriptEngineImpl.getScriptClass(GroovyScriptEngineImpl.java:336) ~[groovy-jsr223-3.0.20.jar:3.0.20]
	at org.codehaus.groovy.jsr223.GroovyScriptEngineImpl.compile(GroovyScriptEngineImpl.java:181) ~[groovy-jsr223-3.0.20.jar:3.0.20]
	... 15 more
2026-04-05 16:24:30,424 INFO o.a.j.t.JMeterThread: Thread is done: WebSocket Clients 1-35
2026-04-05 16:24:30,424 INFO o.a.j.t.JMeterThread: Thread finished: WebSocket Clients 1-35
2026-04-05 16:24:30,746 INFO o.a.j.t.JMeterThread: Thread started: WebSocket Clients 1-38
2026-04-05 16:24:31,385 INFO o.a.j.t.JMeterThread: Thread started: WebSocket Clients 1-39
2026-04-05 16:24:31,487 ERROR o.a.j.p.j.s.JSR223Sampler: Problem in JSR223 script Open WebSocket And Join Group, message: javax.script.ScriptException: org.codehaus.groovy.control.MultipleCompilationErrorsException: startup failed:
Script37.groovy: 2: unable to resolve class java.net.http.HttpClient
 @ line 2, column 1.
   import java.net.http.HttpClient
   ^

Script37.groovy: 3: unable to resolve class java.net.http.WebSocket
 @ line 3, column 1.
   import java.net.http.WebSocket
   ^

Script37.groovy: 23: unable to resolve class WebSocket.Listener
 @ line 23, column 16.
   def listener = [
                  ^

3 errors

javax.script.ScriptException: org.codehaus.groovy.control.MultipleCompilationErrorsException: startup failed:
Script37.groovy: 2: unable to resolve class java.net.http.HttpClient
 @ line 2, column 1.
   import java.net.http.HttpClient
   ^

Script37.groovy: 3: unable to resolve class java.net.http.WebSocket
 @ line 3, column 1.
   import java.net.http.WebSocket
   ^

Script37.groovy: 23: unable to resolve class WebSocket.Listener
 @ line 23, column 16.
   def listener = [
                  ^

3 errors

	at org.codehaus.groovy.jsr223.GroovyScriptEngineImpl.compile(GroovyScriptEngineImpl.java:183) ~[groovy-jsr223-3.0.20.jar:3.0.20]
	at org.apache.jmeter.util.JSR223TestElement.lambda$processFileOrScript$1(JSR223TestElement.java:225) ~[ApacheJMeter_core.jar:5.6.3]
	at com.github.benmanes.caffeine.cache.BoundedLocalCache.lambda$doComputeIfAbsent$14(BoundedLocalCache.java:2406) ~[caffeine-2.9.3.jar:?]
	at java.util.concurrent.ConcurrentHashMap.compute(Unknown Source) ~[?:1.8.0_421]
	at com.github.benmanes.caffeine.cache.BoundedLocalCache.doComputeIfAbsent(BoundedLocalCache.java:2404) ~[caffeine-2.9.3.jar:?]
	at com.github.benmanes.caffeine.cache.BoundedLocalCache.computeIfAbsent(BoundedLocalCache.java:2387) ~[caffeine-2.9.3.jar:?]
	at com.github.benmanes.caffeine.cache.LocalCache.computeIfAbsent(LocalCache.java:108) ~[caffeine-2.9.3.jar:?]
	at com.github.benmanes.caffeine.cache.LocalManualCache.get(LocalManualCache.java:62) ~[caffeine-2.9.3.jar:?]
	at org.apache.jmeter.util.JSR223TestElement.getCompiledScript(JSR223TestElement.java:252) ~[ApacheJMeter_core.jar:5.6.3]
	at org.apache.jmeter.util.JSR223TestElement.processFileOrScript(JSR223TestElement.java:223) ~[ApacheJMeter_core.jar:5.6.3]
	at org.apache.jmeter.protocol.java.sampler.JSR223Sampler.sample(JSR223Sampler.java:72) [ApacheJMeter_java.jar:5.6.3]
	at org.apache.jmeter.threads.JMeterThread.doSampling(JMeterThread.java:651) [ApacheJMeter_core.jar:5.6.3]
	at org.apache.jmeter.threads.JMeterThread.executeSamplePackage(JMeterThread.java:570) [ApacheJMeter_core.jar:5.6.3]
	at org.apache.jmeter.threads.JMeterThread.processSampler(JMeterThread.java:501) [ApacheJMeter_core.jar:5.6.3]
	at org.apache.jmeter.threads.JMeterThread.run(JMeterThread.java:268) [ApacheJMeter_core.jar:5.6.3]
	at java.lang.Thread.run(Unknown Source) [?:1.8.0_421]
	Suppressed: java.lang.IllegalStateException: Unable to compile script StringScriptCacheKey{contents='b48fa167062d4d3014c121ca6bd42b79'}
		at org.apache.jmeter.util.JSR223TestElement.getCompiledScript(JSR223TestElement.java:264) ~[ApacheJMeter_core.jar:5.6.3]
		at org.apache.jmeter.util.JSR223TestElement.processFileOrScript(JSR223TestElement.java:223) ~[ApacheJMeter_core.jar:5.6.3]
		at org.apache.jmeter.protocol.java.sampler.JSR223Sampler.sample(JSR223Sampler.java:72) [ApacheJMeter_java.jar:5.6.3]
		at org.apache.jmeter.threads.JMeterThread.doSampling(JMeterThread.java:651) [ApacheJMeter_core.jar:5.6.3]
		at org.apache.jmeter.threads.JMeterThread.executeSamplePackage(JMeterThread.java:570) [ApacheJMeter_core.jar:5.6.3]
		at org.apache.jmeter.threads.JMeterThread.processSampler(JMeterThread.java:501) [ApacheJMeter_core.jar:5.6.3]
		at org.apache.jmeter.threads.JMeterThread.run(JMeterThread.java:268) [ApacheJMeter_core.jar:5.6.3]
		at java.lang.Thread.run(Unknown Source) [?:1.8.0_421]
Caused by: org.codehaus.groovy.control.MultipleCompilationErrorsException: startup failed:
Script37.groovy: 2: unable to resolve class java.net.http.HttpClient
 @ line 2, column 1.
   import java.net.http.HttpClient
   ^

Script37.groovy: 3: unable to resolve class java.net.http.WebSocket
 @ line 3, column 1.
   import java.net.http.WebSocket
   ^

Script37.groovy: 23: unable to resolve class WebSocket.Listener
 @ line 23, column 16.
   def listener = [
                  ^

3 errors

	at org.codehaus.groovy.control.ErrorCollector.failIfErrors(ErrorCollector.java:292) ~[groovy-3.0.20.jar:3.0.20]
	at org.codehaus.groovy.control.CompilationUnit$ISourceUnitOperation.doPhaseOperation(CompilationUnit.java:915) ~[groovy-3.0.20.jar:3.0.20]
	at org.codehaus.groovy.control.CompilationUnit.compile(CompilationUnit.java:628) ~[groovy-3.0.20.jar:3.0.20]
	at groovy.lang.GroovyClassLoader.doParseClass(GroovyClassLoader.java:389) ~[groovy-3.0.20.jar:3.0.20]
	at groovy.lang.GroovyClassLoader.lambda$parseClass$3(GroovyClassLoader.java:332) ~[groovy-3.0.20.jar:3.0.20]
	at org.codehaus.groovy.runtime.memoize.StampedCommonCache.compute(StampedCommonCache.java:163) ~[groovy-3.0.20.jar:3.0.20]
	at org.codehaus.groovy.runtime.memoize.StampedCommonCache.getAndPut(StampedCommonCache.java:154) ~[groovy-3.0.20.jar:3.0.20]
	at groovy.lang.GroovyClassLoader.parseClass(GroovyClassLoader.java:330) ~[groovy-3.0.20.jar:3.0.20]
	at groovy.lang.GroovyClassLoader.parseClass(GroovyClassLoader.java:314) ~[groovy-3.0.20.jar:3.0.20]
	at groovy.lang.GroovyClassLoader.parseClass(GroovyClassLoader.java:257) ~[groovy-3.0.20.jar:3.0.20]
	at org.codehaus.groovy.jsr223.GroovyScriptEngineImpl.getScriptClass(GroovyScriptEngineImpl.java:336) ~[groovy-jsr223-3.0.20.jar:3.0.20]
	at org.codehaus.groovy.jsr223.GroovyScriptEngineImpl.compile(GroovyScriptEngineImpl.java:181) ~[groovy-jsr223-3.0.20.jar:3.0.20]
	... 15 more
2026-04-05 16:24:31,489 INFO o.a.j.t.JMeterThread: Thread is done: WebSocket Clients 1-38
2026-04-05 16:24:31,489 INFO o.a.j.t.JMeterThread: Thread finished: WebSocket Clients 1-38
2026-04-05 16:24:31,957 INFO o.a.j.t.JMeterThread: Thread started: WebSocket Clients 1-40
2026-04-05 16:24:31,968 ERROR o.a.j.p.j.s.JSR223Sampler: Problem in JSR223 script Open WebSocket And Join Group, message: javax.script.ScriptException: org.codehaus.groovy.control.MultipleCompilationErrorsException: startup failed:
Script38.groovy: 2: unable to resolve class java.net.http.HttpClient
 @ line 2, column 1.
   import java.net.http.HttpClient
   ^

Script38.groovy: 3: unable to resolve class java.net.http.WebSocket
 @ line 3, column 1.
   import java.net.http.WebSocket
   ^

Script38.groovy: 23: unable to resolve class WebSocket.Listener
 @ line 23, column 16.
   def listener = [
                  ^

3 errors

javax.script.ScriptException: org.codehaus.groovy.control.MultipleCompilationErrorsException: startup failed:
Script38.groovy: 2: unable to resolve class java.net.http.HttpClient
 @ line 2, column 1.
   import java.net.http.HttpClient
   ^

Script38.groovy: 3: unable to resolve class java.net.http.WebSocket
 @ line 3, column 1.
   import java.net.http.WebSocket
   ^

Script38.groovy: 23: unable to resolve class WebSocket.Listener
 @ line 23, column 16.
   def listener = [
                  ^

3 errors

	at org.codehaus.groovy.jsr223.GroovyScriptEngineImpl.compile(GroovyScriptEngineImpl.java:183) ~[groovy-jsr223-3.0.20.jar:3.0.20]
	at org.apache.jmeter.util.JSR223TestElement.lambda$processFileOrScript$1(JSR223TestElement.java:225) ~[ApacheJMeter_core.jar:5.6.3]
	at com.github.benmanes.caffeine.cache.BoundedLocalCache.lambda$doComputeIfAbsent$14(BoundedLocalCache.java:2406) ~[caffeine-2.9.3.jar:?]
	at java.util.concurrent.ConcurrentHashMap.compute(Unknown Source) ~[?:1.8.0_421]
	at com.github.benmanes.caffeine.cache.BoundedLocalCache.doComputeIfAbsent(BoundedLocalCache.java:2404) ~[caffeine-2.9.3.jar:?]
	at com.github.benmanes.caffeine.cache.BoundedLocalCache.computeIfAbsent(BoundedLocalCache.java:2387) ~[caffeine-2.9.3.jar:?]
	at com.github.benmanes.caffeine.cache.LocalCache.computeIfAbsent(LocalCache.java:108) ~[caffeine-2.9.3.jar:?]
	at com.github.benmanes.caffeine.cache.LocalManualCache.get(LocalManualCache.java:62) ~[caffeine-2.9.3.jar:?]
	at org.apache.jmeter.util.JSR223TestElement.getCompiledScript(JSR223TestElement.java:252) ~[ApacheJMeter_core.jar:5.6.3]
	at org.apache.jmeter.util.JSR223TestElement.processFileOrScript(JSR223TestElement.java:223) ~[ApacheJMeter_core.jar:5.6.3]
	at org.apache.jmeter.protocol.java.sampler.JSR223Sampler.sample(JSR223Sampler.java:72) [ApacheJMeter_java.jar:5.6.3]
	at org.apache.jmeter.threads.JMeterThread.doSampling(JMeterThread.java:651) [ApacheJMeter_core.jar:5.6.3]
	at org.apache.jmeter.threads.JMeterThread.executeSamplePackage(JMeterThread.java:570) [ApacheJMeter_core.jar:5.6.3]
	at org.apache.jmeter.threads.JMeterThread.processSampler(JMeterThread.java:501) [ApacheJMeter_core.jar:5.6.3]
	at org.apache.jmeter.threads.JMeterThread.run(JMeterThread.java:268) [ApacheJMeter_core.jar:5.6.3]
	at java.lang.Thread.run(Unknown Source) [?:1.8.0_421]
	Suppressed: java.lang.IllegalStateException: Unable to compile script StringScriptCacheKey{contents='257f116a39b9d970473efc9c4aad8fed'}
		at org.apache.jmeter.util.JSR223TestElement.getCompiledScript(JSR223TestElement.java:264) ~[ApacheJMeter_core.jar:5.6.3]
		at org.apache.jmeter.util.JSR223TestElement.processFileOrScript(JSR223TestElement.java:223) ~[ApacheJMeter_core.jar:5.6.3]
		at org.apache.jmeter.protocol.java.sampler.JSR223Sampler.sample(JSR223Sampler.java:72) [ApacheJMeter_java.jar:5.6.3]
		at org.apache.jmeter.threads.JMeterThread.doSampling(JMeterThread.java:651) [ApacheJMeter_core.jar:5.6.3]
		at org.apache.jmeter.threads.JMeterThread.executeSamplePackage(JMeterThread.java:570) [ApacheJMeter_core.jar:5.6.3]
		at org.apache.jmeter.threads.JMeterThread.processSampler(JMeterThread.java:501) [ApacheJMeter_core.jar:5.6.3]
		at org.apache.jmeter.threads.JMeterThread.run(JMeterThread.java:268) [ApacheJMeter_core.jar:5.6.3]
		at java.lang.Thread.run(Unknown Source) [?:1.8.0_421]
Caused by: org.codehaus.groovy.control.MultipleCompilationErrorsException: startup failed:
Script38.groovy: 2: unable to resolve class java.net.http.HttpClient
 @ line 2, column 1.
   import java.net.http.HttpClient
   ^

Script38.groovy: 3: unable to resolve class java.net.http.WebSocket
 @ line 3, column 1.
   import java.net.http.WebSocket
   ^

Script38.groovy: 23: unable to resolve class WebSocket.Listener
 @ line 23, column 16.
   def listener = [
                  ^

3 errors

	at org.codehaus.groovy.control.ErrorCollector.failIfErrors(ErrorCollector.java:292) ~[groovy-3.0.20.jar:3.0.20]
	at org.codehaus.groovy.control.CompilationUnit$ISourceUnitOperation.doPhaseOperation(CompilationUnit.java:915) ~[groovy-3.0.20.jar:3.0.20]
	at org.codehaus.groovy.control.CompilationUnit.compile(CompilationUnit.java:628) ~[groovy-3.0.20.jar:3.0.20]
	at groovy.lang.GroovyClassLoader.doParseClass(GroovyClassLoader.java:389) ~[groovy-3.0.20.jar:3.0.20]
	at groovy.lang.GroovyClassLoader.lambda$parseClass$3(GroovyClassLoader.java:332) ~[groovy-3.0.20.jar:3.0.20]
	at org.codehaus.groovy.runtime.memoize.StampedCommonCache.compute(StampedCommonCache.java:163) ~[groovy-3.0.20.jar:3.0.20]
	at org.codehaus.groovy.runtime.memoize.StampedCommonCache.getAndPut(StampedCommonCache.java:154) ~[groovy-3.0.20.jar:3.0.20]
	at groovy.lang.GroovyClassLoader.parseClass(GroovyClassLoader.java:330) ~[groovy-3.0.20.jar:3.0.20]
	at groovy.lang.GroovyClassLoader.parseClass(GroovyClassLoader.java:314) ~[groovy-3.0.20.jar:3.0.20]
	at groovy.lang.GroovyClassLoader.parseClass(GroovyClassLoader.java:257) ~[groovy-3.0.20.jar:3.0.20]
	at org.codehaus.groovy.jsr223.GroovyScriptEngineImpl.getScriptClass(GroovyScriptEngineImpl.java:336) ~[groovy-jsr223-3.0.20.jar:3.0.20]
	at org.codehaus.groovy.jsr223.GroovyScriptEngineImpl.compile(GroovyScriptEngineImpl.java:181) ~[groovy-jsr223-3.0.20.jar:3.0.20]
	... 15 more
2026-04-05 16:24:31,970 INFO o.a.j.t.JMeterThread: Thread is done: WebSocket Clients 1-37
2026-04-05 16:24:31,970 INFO o.a.j.t.JMeterThread: Thread finished: WebSocket Clients 1-37
2026-04-05 16:24:32,509 ERROR o.a.j.p.j.s.JSR223Sampler: Problem in JSR223 script Open WebSocket And Join Group, message: javax.script.ScriptException: org.codehaus.groovy.control.MultipleCompilationErrorsException: startup failed:
Script39.groovy: 2: unable to resolve class java.net.http.HttpClient
 @ line 2, column 1.
   import java.net.http.HttpClient
   ^

Script39.groovy: 3: unable to resolve class java.net.http.WebSocket
 @ line 3, column 1.
   import java.net.http.WebSocket
   ^

Script39.groovy: 23: unable to resolve class WebSocket.Listener
 @ line 23, column 16.
   def listener = [
                  ^

3 errors

javax.script.ScriptException: org.codehaus.groovy.control.MultipleCompilationErrorsException: startup failed:
Script39.groovy: 2: unable to resolve class java.net.http.HttpClient
 @ line 2, column 1.
   import java.net.http.HttpClient
   ^

Script39.groovy: 3: unable to resolve class java.net.http.WebSocket
 @ line 3, column 1.
   import java.net.http.WebSocket
   ^

Script39.groovy: 23: unable to resolve class WebSocket.Listener
 @ line 23, column 16.
   def listener = [
                  ^

3 errors

	at org.codehaus.groovy.jsr223.GroovyScriptEngineImpl.compile(GroovyScriptEngineImpl.java:183) ~[groovy-jsr223-3.0.20.jar:3.0.20]
	at org.apache.jmeter.util.JSR223TestElement.lambda$processFileOrScript$1(JSR223TestElement.java:225) ~[ApacheJMeter_core.jar:5.6.3]
	at com.github.benmanes.caffeine.cache.BoundedLocalCache.lambda$doComputeIfAbsent$14(BoundedLocalCache.java:2406) ~[caffeine-2.9.3.jar:?]
	at java.util.concurrent.ConcurrentHashMap.compute(Unknown Source) ~[?:1.8.0_421]
	at com.github.benmanes.caffeine.cache.BoundedLocalCache.doComputeIfAbsent(BoundedLocalCache.java:2404) ~[caffeine-2.9.3.jar:?]
	at com.github.benmanes.caffeine.cache.BoundedLocalCache.computeIfAbsent(BoundedLocalCache.java:2387) ~[caffeine-2.9.3.jar:?]
	at com.github.benmanes.caffeine.cache.LocalCache.computeIfAbsent(LocalCache.java:108) ~[caffeine-2.9.3.jar:?]
	at com.github.benmanes.caffeine.cache.LocalManualCache.get(LocalManualCache.java:62) ~[caffeine-2.9.3.jar:?]
	at org.apache.jmeter.util.JSR223TestElement.getCompiledScript(JSR223TestElement.java:252) ~[ApacheJMeter_core.jar:5.6.3]
	at org.apache.jmeter.util.JSR223TestElement.processFileOrScript(JSR223TestElement.java:223) ~[ApacheJMeter_core.jar:5.6.3]
	at org.apache.jmeter.protocol.java.sampler.JSR223Sampler.sample(JSR223Sampler.java:72) [ApacheJMeter_java.jar:5.6.3]
	at org.apache.jmeter.threads.JMeterThread.doSampling(JMeterThread.java:651) [ApacheJMeter_core.jar:5.6.3]
	at org.apache.jmeter.threads.JMeterThread.executeSamplePackage(JMeterThread.java:570) [ApacheJMeter_core.jar:5.6.3]
	at org.apache.jmeter.threads.JMeterThread.processSampler(JMeterThread.java:501) [ApacheJMeter_core.jar:5.6.3]
	at org.apache.jmeter.threads.JMeterThread.run(JMeterThread.java:268) [ApacheJMeter_core.jar:5.6.3]
	at java.lang.Thread.run(Unknown Source) [?:1.8.0_421]
	Suppressed: java.lang.IllegalStateException: Unable to compile script StringScriptCacheKey{contents='58cb05f406f4e88903124d684bc09a41'}
		at org.apache.jmeter.util.JSR223TestElement.getCompiledScript(JSR223TestElement.java:264) ~[ApacheJMeter_core.jar:5.6.3]
		at org.apache.jmeter.util.JSR223TestElement.processFileOrScript(JSR223TestElement.java:223) ~[ApacheJMeter_core.jar:5.6.3]
		at org.apache.jmeter.protocol.java.sampler.JSR223Sampler.sample(JSR223Sampler.java:72) [ApacheJMeter_java.jar:5.6.3]
		at org.apache.jmeter.threads.JMeterThread.doSampling(JMeterThread.java:651) [ApacheJMeter_core.jar:5.6.3]
		at org.apache.jmeter.threads.JMeterThread.executeSamplePackage(JMeterThread.java:570) [ApacheJMeter_core.jar:5.6.3]
		at org.apache.jmeter.threads.JMeterThread.processSampler(JMeterThread.java:501) [ApacheJMeter_core.jar:5.6.3]
		at org.apache.jmeter.threads.JMeterThread.run(JMeterThread.java:268) [ApacheJMeter_core.jar:5.6.3]
		at java.lang.Thread.run(Unknown Source) [?:1.8.0_421]
Caused by: org.codehaus.groovy.control.MultipleCompilationErrorsException: startup failed:
Script39.groovy: 2: unable to resolve class java.net.http.HttpClient
 @ line 2, column 1.
   import java.net.http.HttpClient
   ^

Script39.groovy: 3: unable to resolve class java.net.http.WebSocket
 @ line 3, column 1.
   import java.net.http.WebSocket
   ^

Script39.groovy: 23: unable to resolve class WebSocket.Listener
 @ line 23, column 16.
   def listener = [
                  ^

3 errors

	at org.codehaus.groovy.control.ErrorCollector.failIfErrors(ErrorCollector.java:292) ~[groovy-3.0.20.jar:3.0.20]
	at org.codehaus.groovy.control.CompilationUnit$ISourceUnitOperation.doPhaseOperation(CompilationUnit.java:915) ~[groovy-3.0.20.jar:3.0.20]
	at org.codehaus.groovy.control.CompilationUnit.compile(CompilationUnit.java:628) ~[groovy-3.0.20.jar:3.0.20]
	at groovy.lang.GroovyClassLoader.doParseClass(GroovyClassLoader.java:389) ~[groovy-3.0.20.jar:3.0.20]
	at groovy.lang.GroovyClassLoader.lambda$parseClass$3(GroovyClassLoader.java:332) ~[groovy-3.0.20.jar:3.0.20]
	at org.codehaus.groovy.runtime.memoize.StampedCommonCache.compute(StampedCommonCache.java:163) ~[groovy-3.0.20.jar:3.0.20]
	at org.codehaus.groovy.runtime.memoize.StampedCommonCache.getAndPut(StampedCommonCache.java:154) ~[groovy-3.0.20.jar:3.0.20]
	at groovy.lang.GroovyClassLoader.parseClass(GroovyClassLoader.java:330) ~[groovy-3.0.20.jar:3.0.20]
	at groovy.lang.GroovyClassLoader.parseClass(GroovyClassLoader.java:314) ~[groovy-3.0.20.jar:3.0.20]
	at groovy.lang.GroovyClassLoader.parseClass(GroovyClassLoader.java:257) ~[groovy-3.0.20.jar:3.0.20]
	at org.codehaus.groovy.jsr223.GroovyScriptEngineImpl.getScriptClass(GroovyScriptEngineImpl.java:336) ~[groovy-jsr223-3.0.20.jar:3.0.20]
	at org.codehaus.groovy.jsr223.GroovyScriptEngineImpl.compile(GroovyScriptEngineImpl.java:181) ~[groovy-jsr223-3.0.20.jar:3.0.20]
	... 15 more
2026-04-05 16:24:32,512 INFO o.a.j.t.JMeterThread: Thread is done: WebSocket Clients 1-40
2026-04-05 16:24:32,513 INFO o.a.j.t.JMeterThread: Thread finished: WebSocket Clients 1-40
2026-04-05 16:24:32,570 INFO o.a.j.t.JMeterThread: Thread started: WebSocket Clients 1-41
2026-04-05 16:24:33,172 INFO o.a.j.t.JMeterThread: Thread started: WebSocket Clients 1-42
2026-04-05 16:24:33,252 ERROR o.a.j.p.j.s.JSR223Sampler: Problem in JSR223 script Open WebSocket And Join Group, message: javax.script.ScriptException: org.codehaus.groovy.control.MultipleCompilationErrorsException: startup failed:
Script40.groovy: 2: unable to resolve class java.net.http.HttpClient
 @ line 2, column 1.
   import java.net.http.HttpClient
   ^

Script40.groovy: 3: unable to resolve class java.net.http.WebSocket
 @ line 3, column 1.
   import java.net.http.WebSocket
   ^

Script40.groovy: 23: unable to resolve class WebSocket.Listener
 @ line 23, column 16.
   def listener = [
                  ^

3 errors

javax.script.ScriptException: org.codehaus.groovy.control.MultipleCompilationErrorsException: startup failed:
Script40.groovy: 2: unable to resolve class java.net.http.HttpClient
 @ line 2, column 1.
   import java.net.http.HttpClient
   ^

Script40.groovy: 3: unable to resolve class java.net.http.WebSocket
 @ line 3, column 1.
   import java.net.http.WebSocket
   ^

Script40.groovy: 23: unable to resolve class WebSocket.Listener
 @ line 23, column 16.
   def listener = [
                  ^

3 errors

	at org.codehaus.groovy.jsr223.GroovyScriptEngineImpl.compile(GroovyScriptEngineImpl.java:183) ~[groovy-jsr223-3.0.20.jar:3.0.20]
	at org.apache.jmeter.util.JSR223TestElement.lambda$processFileOrScript$1(JSR223TestElement.java:225) ~[ApacheJMeter_core.jar:5.6.3]
	at com.github.benmanes.caffeine.cache.BoundedLocalCache.lambda$doComputeIfAbsent$14(BoundedLocalCache.java:2406) ~[caffeine-2.9.3.jar:?]
	at java.util.concurrent.ConcurrentHashMap.compute(Unknown Source) ~[?:1.8.0_421]
	at com.github.benmanes.caffeine.cache.BoundedLocalCache.doComputeIfAbsent(BoundedLocalCache.java:2404) ~[caffeine-2.9.3.jar:?]
	at com.github.benmanes.caffeine.cache.BoundedLocalCache.computeIfAbsent(BoundedLocalCache.java:2387) ~[caffeine-2.9.3.jar:?]
	at com.github.benmanes.caffeine.cache.LocalCache.computeIfAbsent(LocalCache.java:108) ~[caffeine-2.9.3.jar:?]
	at com.github.benmanes.caffeine.cache.LocalManualCache.get(LocalManualCache.java:62) ~[caffeine-2.9.3.jar:?]
	at org.apache.jmeter.util.JSR223TestElement.getCompiledScript(JSR223TestElement.java:252) ~[ApacheJMeter_core.jar:5.6.3]
	at org.apache.jmeter.util.JSR223TestElement.processFileOrScript(JSR223TestElement.java:223) ~[ApacheJMeter_core.jar:5.6.3]
	at org.apache.jmeter.protocol.java.sampler.JSR223Sampler.sample(JSR223Sampler.java:72) [ApacheJMeter_java.jar:5.6.3]
	at org.apache.jmeter.threads.JMeterThread.doSampling(JMeterThread.java:651) [ApacheJMeter_core.jar:5.6.3]
	at org.apache.jmeter.threads.JMeterThread.executeSamplePackage(JMeterThread.java:570) [ApacheJMeter_core.jar:5.6.3]
	at org.apache.jmeter.threads.JMeterThread.processSampler(JMeterThread.java:501) [ApacheJMeter_core.jar:5.6.3]
	at org.apache.jmeter.threads.JMeterThread.run(JMeterThread.java:268) [ApacheJMeter_core.jar:5.6.3]
	at java.lang.Thread.run(Unknown Source) [?:1.8.0_421]
	Suppressed: java.lang.IllegalStateException: Unable to compile script StringScriptCacheKey{contents='a305d3a3c2b09b455fa1ed24705c9493'}
		at org.apache.jmeter.util.JSR223TestElement.getCompiledScript(JSR223TestElement.java:264) ~[ApacheJMeter_core.jar:5.6.3]
		at org.apache.jmeter.util.JSR223TestElement.processFileOrScript(JSR223TestElement.java:223) ~[ApacheJMeter_core.jar:5.6.3]
		at org.apache.jmeter.protocol.java.sampler.JSR223Sampler.sample(JSR223Sampler.java:72) [ApacheJMeter_java.jar:5.6.3]
		at org.apache.jmeter.threads.JMeterThread.doSampling(JMeterThread.java:651) [ApacheJMeter_core.jar:5.6.3]
		at org.apache.jmeter.threads.JMeterThread.executeSamplePackage(JMeterThread.java:570) [ApacheJMeter_core.jar:5.6.3]
		at org.apache.jmeter.threads.JMeterThread.processSampler(JMeterThread.java:501) [ApacheJMeter_core.jar:5.6.3]
		at org.apache.jmeter.threads.JMeterThread.run(JMeterThread.java:268) [ApacheJMeter_core.jar:5.6.3]
		at java.lang.Thread.run(Unknown Source) [?:1.8.0_421]
Caused by: org.codehaus.groovy.control.MultipleCompilationErrorsException: startup failed:
Script40.groovy: 2: unable to resolve class java.net.http.HttpClient
 @ line 2, column 1.
   import java.net.http.HttpClient
   ^

Script40.groovy: 3: unable to resolve class java.net.http.WebSocket
 @ line 3, column 1.
   import java.net.http.WebSocket
   ^

Script40.groovy: 23: unable to resolve class WebSocket.Listener
 @ line 23, column 16.
   def listener = [
                  ^

3 errors

	at org.codehaus.groovy.control.ErrorCollector.failIfErrors(ErrorCollector.java:292) ~[groovy-3.0.20.jar:3.0.20]
	at org.codehaus.groovy.control.CompilationUnit$ISourceUnitOperation.doPhaseOperation(CompilationUnit.java:915) ~[groovy-3.0.20.jar:3.0.20]
	at org.codehaus.groovy.control.CompilationUnit.compile(CompilationUnit.java:628) ~[groovy-3.0.20.jar:3.0.20]
	at groovy.lang.GroovyClassLoader.doParseClass(GroovyClassLoader.java:389) ~[groovy-3.0.20.jar:3.0.20]
	at groovy.lang.GroovyClassLoader.lambda$parseClass$3(GroovyClassLoader.java:332) ~[groovy-3.0.20.jar:3.0.20]
	at org.codehaus.groovy.runtime.memoize.StampedCommonCache.compute(StampedCommonCache.java:163) ~[groovy-3.0.20.jar:3.0.20]
	at org.codehaus.groovy.runtime.memoize.StampedCommonCache.getAndPut(StampedCommonCache.java:154) ~[groovy-3.0.20.jar:3.0.20]
	at groovy.lang.GroovyClassLoader.parseClass(GroovyClassLoader.java:330) ~[groovy-3.0.20.jar:3.0.20]
	at groovy.lang.GroovyClassLoader.parseClass(GroovyClassLoader.java:314) ~[groovy-3.0.20.jar:3.0.20]
	at groovy.lang.GroovyClassLoader.parseClass(GroovyClassLoader.java:257) ~[groovy-3.0.20.jar:3.0.20]
	at org.codehaus.groovy.jsr223.GroovyScriptEngineImpl.getScriptClass(GroovyScriptEngineImpl.java:336) ~[groovy-jsr223-3.0.20.jar:3.0.20]
	at org.codehaus.groovy.jsr223.GroovyScriptEngineImpl.compile(GroovyScriptEngineImpl.java:181) ~[groovy-jsr223-3.0.20.jar:3.0.20]
	... 15 more
2026-04-05 16:24:33,255 INFO o.a.j.t.JMeterThread: Thread is done: WebSocket Clients 1-39
2026-04-05 16:24:33,255 INFO o.a.j.t.JMeterThread: Thread finished: WebSocket Clients 1-39
2026-04-05 16:24:33,752 ERROR o.a.j.p.j.s.JSR223Sampler: Problem in JSR223 script Open WebSocket And Join Group, message: javax.script.ScriptException: org.codehaus.groovy.control.MultipleCompilationErrorsException: startup failed:
Script41.groovy: 2: unable to resolve class java.net.http.HttpClient
 @ line 2, column 1.
   import java.net.http.HttpClient
   ^

Script41.groovy: 3: unable to resolve class java.net.http.WebSocket
 @ line 3, column 1.
   import java.net.http.WebSocket
   ^

Script41.groovy: 23: unable to resolve class WebSocket.Listener
 @ line 23, column 16.
   def listener = [
                  ^

3 errors

javax.script.ScriptException: org.codehaus.groovy.control.MultipleCompilationErrorsException: startup failed:
Script41.groovy: 2: unable to resolve class java.net.http.HttpClient
 @ line 2, column 1.
   import java.net.http.HttpClient
   ^

Script41.groovy: 3: unable to resolve class java.net.http.WebSocket
 @ line 3, column 1.
   import java.net.http.WebSocket
   ^

Script41.groovy: 23: unable to resolve class WebSocket.Listener
 @ line 23, column 16.
   def listener = [
                  ^

3 errors

	at org.codehaus.groovy.jsr223.GroovyScriptEngineImpl.compile(GroovyScriptEngineImpl.java:183) ~[groovy-jsr223-3.0.20.jar:3.0.20]
	at org.apache.jmeter.util.JSR223TestElement.lambda$processFileOrScript$1(JSR223TestElement.java:225) ~[ApacheJMeter_core.jar:5.6.3]
	at com.github.benmanes.caffeine.cache.BoundedLocalCache.lambda$doComputeIfAbsent$14(BoundedLocalCache.java:2406) ~[caffeine-2.9.3.jar:?]
	at java.util.concurrent.ConcurrentHashMap.compute(Unknown Source) ~[?:1.8.0_421]
	at com.github.benmanes.caffeine.cache.BoundedLocalCache.doComputeIfAbsent(BoundedLocalCache.java:2404) ~[caffeine-2.9.3.jar:?]
	at com.github.benmanes.caffeine.cache.BoundedLocalCache.computeIfAbsent(BoundedLocalCache.java:2387) ~[caffeine-2.9.3.jar:?]
	at com.github.benmanes.caffeine.cache.LocalCache.computeIfAbsent(LocalCache.java:108) ~[caffeine-2.9.3.jar:?]
	at com.github.benmanes.caffeine.cache.LocalManualCache.get(LocalManualCache.java:62) ~[caffeine-2.9.3.jar:?]
	at org.apache.jmeter.util.JSR223TestElement.getCompiledScript(JSR223TestElement.java:252) ~[ApacheJMeter_core.jar:5.6.3]
	at org.apache.jmeter.util.JSR223TestElement.processFileOrScript(JSR223TestElement.java:223) ~[ApacheJMeter_core.jar:5.6.3]
	at org.apache.jmeter.protocol.java.sampler.JSR223Sampler.sample(JSR223Sampler.java:72) [ApacheJMeter_java.jar:5.6.3]
	at org.apache.jmeter.threads.JMeterThread.doSampling(JMeterThread.java:651) [ApacheJMeter_core.jar:5.6.3]
	at org.apache.jmeter.threads.JMeterThread.executeSamplePackage(JMeterThread.java:570) [ApacheJMeter_core.jar:5.6.3]
	at org.apache.jmeter.threads.JMeterThread.processSampler(JMeterThread.java:501) [ApacheJMeter_core.jar:5.6.3]
	at org.apache.jmeter.threads.JMeterThread.run(JMeterThread.java:268) [ApacheJMeter_core.jar:5.6.3]
	at java.lang.Thread.run(Unknown Source) [?:1.8.0_421]
	Suppressed: java.lang.IllegalStateException: Unable to compile script StringScriptCacheKey{contents='014c1f162c909a2f17e05d7bbc824e10'}
		at org.apache.jmeter.util.JSR223TestElement.getCompiledScript(JSR223TestElement.java:264) ~[ApacheJMeter_core.jar:5.6.3]
		at org.apache.jmeter.util.JSR223TestElement.processFileOrScript(JSR223TestElement.java:223) ~[ApacheJMeter_core.jar:5.6.3]
		at org.apache.jmeter.protocol.java.sampler.JSR223Sampler.sample(JSR223Sampler.java:72) [ApacheJMeter_java.jar:5.6.3]
		at org.apache.jmeter.threads.JMeterThread.doSampling(JMeterThread.java:651) [ApacheJMeter_core.jar:5.6.3]
		at org.apache.jmeter.threads.JMeterThread.executeSamplePackage(JMeterThread.java:570) [ApacheJMeter_core.jar:5.6.3]
		at org.apache.jmeter.threads.JMeterThread.processSampler(JMeterThread.java:501) [ApacheJMeter_core.jar:5.6.3]
		at org.apache.jmeter.threads.JMeterThread.run(JMeterThread.java:268) [ApacheJMeter_core.jar:5.6.3]
		at java.lang.Thread.run(Unknown Source) [?:1.8.0_421]
Caused by: org.codehaus.groovy.control.MultipleCompilationErrorsException: startup failed:
Script41.groovy: 2: unable to resolve class java.net.http.HttpClient
 @ line 2, column 1.
   import java.net.http.HttpClient
   ^

Script41.groovy: 3: unable to resolve class java.net.http.WebSocket
 @ line 3, column 1.
   import java.net.http.WebSocket
   ^

Script41.groovy: 23: unable to resolve class WebSocket.Listener
 @ line 23, column 16.
   def listener = [
                  ^

3 errors

	at org.codehaus.groovy.control.ErrorCollector.failIfErrors(ErrorCollector.java:292) ~[groovy-3.0.20.jar:3.0.20]
	at org.codehaus.groovy.control.CompilationUnit$ISourceUnitOperation.doPhaseOperation(CompilationUnit.java:915) ~[groovy-3.0.20.jar:3.0.20]
	at org.codehaus.groovy.control.CompilationUnit.compile(CompilationUnit.java:628) ~[groovy-3.0.20.jar:3.0.20]
	at groovy.lang.GroovyClassLoader.doParseClass(GroovyClassLoader.java:389) ~[groovy-3.0.20.jar:3.0.20]
	at groovy.lang.GroovyClassLoader.lambda$parseClass$3(GroovyClassLoader.java:332) ~[groovy-3.0.20.jar:3.0.20]
	at org.codehaus.groovy.runtime.memoize.StampedCommonCache.compute(StampedCommonCache.java:163) ~[groovy-3.0.20.jar:3.0.20]
	at org.codehaus.groovy.runtime.memoize.StampedCommonCache.getAndPut(StampedCommonCache.java:154) ~[groovy-3.0.20.jar:3.0.20]
	at groovy.lang.GroovyClassLoader.parseClass(GroovyClassLoader.java:330) ~[groovy-3.0.20.jar:3.0.20]
	at groovy.lang.GroovyClassLoader.parseClass(GroovyClassLoader.java:314) ~[groovy-3.0.20.jar:3.0.20]
	at groovy.lang.GroovyClassLoader.parseClass(GroovyClassLoader.java:257) ~[groovy-3.0.20.jar:3.0.20]
	at org.codehaus.groovy.jsr223.GroovyScriptEngineImpl.getScriptClass(GroovyScriptEngineImpl.java:336) ~[groovy-jsr223-3.0.20.jar:3.0.20]
	at org.codehaus.groovy.jsr223.GroovyScriptEngineImpl.compile(GroovyScriptEngineImpl.java:181) ~[groovy-jsr223-3.0.20.jar:3.0.20]
	... 15 more
2026-04-05 16:24:33,754 INFO o.a.j.t.JMeterThread: Thread is done: WebSocket Clients 1-42
2026-04-05 16:24:33,754 INFO o.a.j.t.JMeterThread: Thread finished: WebSocket Clients 1-42
2026-04-05 16:24:33,768 INFO o.a.j.t.JMeterThread: Thread started: WebSocket Clients 1-43
2026-04-05 16:24:34,299 ERROR o.a.j.p.j.s.JSR223Sampler: Problem in JSR223 script Open WebSocket And Join Group, message: javax.script.ScriptException: org.codehaus.groovy.control.MultipleCompilationErrorsException: startup failed:
Script42.groovy: 2: unable to resolve class java.net.http.HttpClient
 @ line 2, column 1.
   import java.net.http.HttpClient
   ^

Script42.groovy: 3: unable to resolve class java.net.http.WebSocket
 @ line 3, column 1.
   import java.net.http.WebSocket
   ^

Script42.groovy: 23: unable to resolve class WebSocket.Listener
 @ line 23, column 16.
   def listener = [
                  ^

3 errors

javax.script.ScriptException: org.codehaus.groovy.control.MultipleCompilationErrorsException: startup failed:
Script42.groovy: 2: unable to resolve class java.net.http.HttpClient
 @ line 2, column 1.
   import java.net.http.HttpClient
   ^

Script42.groovy: 3: unable to resolve class java.net.http.WebSocket
 @ line 3, column 1.
   import java.net.http.WebSocket
   ^

Script42.groovy: 23: unable to resolve class WebSocket.Listener
 @ line 23, column 16.
   def listener = [
                  ^

3 errors

	at org.codehaus.groovy.jsr223.GroovyScriptEngineImpl.compile(GroovyScriptEngineImpl.java:183) ~[groovy-jsr223-3.0.20.jar:3.0.20]
	at org.apache.jmeter.util.JSR223TestElement.lambda$processFileOrScript$1(JSR223TestElement.java:225) ~[ApacheJMeter_core.jar:5.6.3]
	at com.github.benmanes.caffeine.cache.BoundedLocalCache.lambda$doComputeIfAbsent$14(BoundedLocalCache.java:2406) ~[caffeine-2.9.3.jar:?]
	at java.util.concurrent.ConcurrentHashMap.compute(Unknown Source) ~[?:1.8.0_421]
	at com.github.benmanes.caffeine.cache.BoundedLocalCache.doComputeIfAbsent(BoundedLocalCache.java:2404) ~[caffeine-2.9.3.jar:?]
	at com.github.benmanes.caffeine.cache.BoundedLocalCache.computeIfAbsent(BoundedLocalCache.java:2387) ~[caffeine-2.9.3.jar:?]
	at com.github.benmanes.caffeine.cache.LocalCache.computeIfAbsent(LocalCache.java:108) ~[caffeine-2.9.3.jar:?]
	at com.github.benmanes.caffeine.cache.LocalManualCache.get(LocalManualCache.java:62) ~[caffeine-2.9.3.jar:?]
	at org.apache.jmeter.util.JSR223TestElement.getCompiledScript(JSR223TestElement.java:252) ~[ApacheJMeter_core.jar:5.6.3]
	at org.apache.jmeter.util.JSR223TestElement.processFileOrScript(JSR223TestElement.java:223) ~[ApacheJMeter_core.jar:5.6.3]
	at org.apache.jmeter.protocol.java.sampler.JSR223Sampler.sample(JSR223Sampler.java:72) [ApacheJMeter_java.jar:5.6.3]
	at org.apache.jmeter.threads.JMeterThread.doSampling(JMeterThread.java:651) [ApacheJMeter_core.jar:5.6.3]
	at org.apache.jmeter.threads.JMeterThread.executeSamplePackage(JMeterThread.java:570) [ApacheJMeter_core.jar:5.6.3]
	at org.apache.jmeter.threads.JMeterThread.processSampler(JMeterThread.java:501) [ApacheJMeter_core.jar:5.6.3]
	at org.apache.jmeter.threads.JMeterThread.run(JMeterThread.java:268) [ApacheJMeter_core.jar:5.6.3]
	at java.lang.Thread.run(Unknown Source) [?:1.8.0_421]
	Suppressed: java.lang.IllegalStateException: Unable to compile script StringScriptCacheKey{contents='9d7e9e257448cca2a48fc9e4550341f1'}
		at org.apache.jmeter.util.JSR223TestElement.getCompiledScript(JSR223TestElement.java:264) ~[ApacheJMeter_core.jar:5.6.3]
		at org.apache.jmeter.util.JSR223TestElement.processFileOrScript(JSR223TestElement.java:223) ~[ApacheJMeter_core.jar:5.6.3]
		at org.apache.jmeter.protocol.java.sampler.JSR223Sampler.sample(JSR223Sampler.java:72) [ApacheJMeter_java.jar:5.6.3]
		at org.apache.jmeter.threads.JMeterThread.doSampling(JMeterThread.java:651) [ApacheJMeter_core.jar:5.6.3]
		at org.apache.jmeter.threads.JMeterThread.executeSamplePackage(JMeterThread.java:570) [ApacheJMeter_core.jar:5.6.3]
		at org.apache.jmeter.threads.JMeterThread.processSampler(JMeterThread.java:501) [ApacheJMeter_core.jar:5.6.3]
		at org.apache.jmeter.threads.JMeterThread.run(JMeterThread.java:268) [ApacheJMeter_core.jar:5.6.3]
		at java.lang.Thread.run(Unknown Source) [?:1.8.0_421]
Caused by: org.codehaus.groovy.control.MultipleCompilationErrorsException: startup failed:
Script42.groovy: 2: unable to resolve class java.net.http.HttpClient
 @ line 2, column 1.
   import java.net.http.HttpClient
   ^

Script42.groovy: 3: unable to resolve class java.net.http.WebSocket
 @ line 3, column 1.
   import java.net.http.WebSocket
   ^

Script42.groovy: 23: unable to resolve class WebSocket.Listener
 @ line 23, column 16.
   def listener = [
                  ^

3 errors

	at org.codehaus.groovy.control.ErrorCollector.failIfErrors(ErrorCollector.java:292) ~[groovy-3.0.20.jar:3.0.20]
	at org.codehaus.groovy.control.CompilationUnit$ISourceUnitOperation.doPhaseOperation(CompilationUnit.java:915) ~[groovy-3.0.20.jar:3.0.20]
	at org.codehaus.groovy.control.CompilationUnit.compile(CompilationUnit.java:628) ~[groovy-3.0.20.jar:3.0.20]
	at groovy.lang.GroovyClassLoader.doParseClass(GroovyClassLoader.java:389) ~[groovy-3.0.20.jar:3.0.20]
	at groovy.lang.GroovyClassLoader.lambda$parseClass$3(GroovyClassLoader.java:332) ~[groovy-3.0.20.jar:3.0.20]
	at org.codehaus.groovy.runtime.memoize.StampedCommonCache.compute(StampedCommonCache.java:163) ~[groovy-3.0.20.jar:3.0.20]
	at org.codehaus.groovy.runtime.memoize.StampedCommonCache.getAndPut(StampedCommonCache.java:154) ~[groovy-3.0.20.jar:3.0.20]
	at groovy.lang.GroovyClassLoader.parseClass(GroovyClassLoader.java:330) ~[groovy-3.0.20.jar:3.0.20]
	at groovy.lang.GroovyClassLoader.parseClass(GroovyClassLoader.java:314) ~[groovy-3.0.20.jar:3.0.20]
	at groovy.lang.GroovyClassLoader.parseClass(GroovyClassLoader.java:257) ~[groovy-3.0.20.jar:3.0.20]
	at org.codehaus.groovy.jsr223.GroovyScriptEngineImpl.getScriptClass(GroovyScriptEngineImpl.java:336) ~[groovy-jsr223-3.0.20.jar:3.0.20]
	at org.codehaus.groovy.jsr223.GroovyScriptEngineImpl.compile(GroovyScriptEngineImpl.java:181) ~[groovy-jsr223-3.0.20.jar:3.0.20]
	... 15 more
2026-04-05 16:24:34,301 INFO o.a.j.t.JMeterThread: Thread is done: WebSocket Clients 1-41
2026-04-05 16:24:34,301 INFO o.a.j.t.JMeterThread: Thread finished: WebSocket Clients 1-41
2026-04-05 16:24:34,405 INFO o.a.j.t.JMeterThread: Thread started: WebSocket Clients 1-44
2026-04-05 16:24:34,875 ERROR o.a.j.p.j.s.JSR223Sampler: Problem in JSR223 script Open WebSocket And Join Group, message: javax.script.ScriptException: org.codehaus.groovy.control.MultipleCompilationErrorsException: startup failed:
Script43.groovy: 2: unable to resolve class java.net.http.HttpClient
 @ line 2, column 1.
   import java.net.http.HttpClient
   ^

Script43.groovy: 3: unable to resolve class java.net.http.WebSocket
 @ line 3, column 1.
   import java.net.http.WebSocket
   ^

Script43.groovy: 23: unable to resolve class WebSocket.Listener
 @ line 23, column 16.
   def listener = [
                  ^

3 errors

javax.script.ScriptException: org.codehaus.groovy.control.MultipleCompilationErrorsException: startup failed:
Script43.groovy: 2: unable to resolve class java.net.http.HttpClient
 @ line 2, column 1.
   import java.net.http.HttpClient
   ^

Script43.groovy: 3: unable to resolve class java.net.http.WebSocket
 @ line 3, column 1.
   import java.net.http.WebSocket
   ^

Script43.groovy: 23: unable to resolve class WebSocket.Listener
 @ line 23, column 16.
   def listener = [
                  ^

3 errors

	at org.codehaus.groovy.jsr223.GroovyScriptEngineImpl.compile(GroovyScriptEngineImpl.java:183) ~[groovy-jsr223-3.0.20.jar:3.0.20]
	at org.apache.jmeter.util.JSR223TestElement.lambda$processFileOrScript$1(JSR223TestElement.java:225) ~[ApacheJMeter_core.jar:5.6.3]
	at com.github.benmanes.caffeine.cache.BoundedLocalCache.lambda$doComputeIfAbsent$14(BoundedLocalCache.java:2406) ~[caffeine-2.9.3.jar:?]
	at java.util.concurrent.ConcurrentHashMap.compute(Unknown Source) ~[?:1.8.0_421]
	at com.github.benmanes.caffeine.cache.BoundedLocalCache.doComputeIfAbsent(BoundedLocalCache.java:2404) ~[caffeine-2.9.3.jar:?]
	at com.github.benmanes.caffeine.cache.BoundedLocalCache.computeIfAbsent(BoundedLocalCache.java:2387) ~[caffeine-2.9.3.jar:?]
	at com.github.benmanes.caffeine.cache.LocalCache.computeIfAbsent(LocalCache.java:108) ~[caffeine-2.9.3.jar:?]
	at com.github.benmanes.caffeine.cache.LocalManualCache.get(LocalManualCache.java:62) ~[caffeine-2.9.3.jar:?]
	at org.apache.jmeter.util.JSR223TestElement.getCompiledScript(JSR223TestElement.java:252) ~[ApacheJMeter_core.jar:5.6.3]
	at org.apache.jmeter.util.JSR223TestElement.processFileOrScript(JSR223TestElement.java:223) ~[ApacheJMeter_core.jar:5.6.3]
	at org.apache.jmeter.protocol.java.sampler.JSR223Sampler.sample(JSR223Sampler.java:72) [ApacheJMeter_java.jar:5.6.3]
	at org.apache.jmeter.threads.JMeterThread.doSampling(JMeterThread.java:651) [ApacheJMeter_core.jar:5.6.3]
	at org.apache.jmeter.threads.JMeterThread.executeSamplePackage(JMeterThread.java:570) [ApacheJMeter_core.jar:5.6.3]
	at org.apache.jmeter.threads.JMeterThread.processSampler(JMeterThread.java:501) [ApacheJMeter_core.jar:5.6.3]
	at org.apache.jmeter.threads.JMeterThread.run(JMeterThread.java:268) [ApacheJMeter_core.jar:5.6.3]
	at java.lang.Thread.run(Unknown Source) [?:1.8.0_421]
	Suppressed: java.lang.IllegalStateException: Unable to compile script StringScriptCacheKey{contents='b48fa167062d4d3014c121ca6bd42b79'}
		at org.apache.jmeter.util.JSR223TestElement.getCompiledScript(JSR223TestElement.java:264) ~[ApacheJMeter_core.jar:5.6.3]
		at org.apache.jmeter.util.JSR223TestElement.processFileOrScript(JSR223TestElement.java:223) ~[ApacheJMeter_core.jar:5.6.3]
		at org.apache.jmeter.protocol.java.sampler.JSR223Sampler.sample(JSR223Sampler.java:72) [ApacheJMeter_java.jar:5.6.3]
		at org.apache.jmeter.threads.JMeterThread.doSampling(JMeterThread.java:651) [ApacheJMeter_core.jar:5.6.3]
		at org.apache.jmeter.threads.JMeterThread.executeSamplePackage(JMeterThread.java:570) [ApacheJMeter_core.jar:5.6.3]
		at org.apache.jmeter.threads.JMeterThread.processSampler(JMeterThread.java:501) [ApacheJMeter_core.jar:5.6.3]
		at org.apache.jmeter.threads.JMeterThread.run(JMeterThread.java:268) [ApacheJMeter_core.jar:5.6.3]
		at java.lang.Thread.run(Unknown Source) [?:1.8.0_421]
Caused by: org.codehaus.groovy.control.MultipleCompilationErrorsException: startup failed:
Script43.groovy: 2: unable to resolve class java.net.http.HttpClient
 @ line 2, column 1.
   import java.net.http.HttpClient
   ^

Script43.groovy: 3: unable to resolve class java.net.http.WebSocket
 @ line 3, column 1.
   import java.net.http.WebSocket
   ^

Script43.groovy: 23: unable to resolve class WebSocket.Listener
 @ line 23, column 16.
   def listener = [
                  ^

3 errors

	at org.codehaus.groovy.control.ErrorCollector.failIfErrors(ErrorCollector.java:292) ~[groovy-3.0.20.jar:3.0.20]
	at org.codehaus.groovy.control.CompilationUnit$ISourceUnitOperation.doPhaseOperation(CompilationUnit.java:915) ~[groovy-3.0.20.jar:3.0.20]
	at org.codehaus.groovy.control.CompilationUnit.compile(CompilationUnit.java:628) ~[groovy-3.0.20.jar:3.0.20]
	at groovy.lang.GroovyClassLoader.doParseClass(GroovyClassLoader.java:389) ~[groovy-3.0.20.jar:3.0.20]
	at groovy.lang.GroovyClassLoader.lambda$parseClass$3(GroovyClassLoader.java:332) ~[groovy-3.0.20.jar:3.0.20]
	at org.codehaus.groovy.runtime.memoize.StampedCommonCache.compute(StampedCommonCache.java:163) ~[groovy-3.0.20.jar:3.0.20]
	at org.codehaus.groovy.runtime.memoize.StampedCommonCache.getAndPut(StampedCommonCache.java:154) ~[groovy-3.0.20.jar:3.0.20]
	at groovy.lang.GroovyClassLoader.parseClass(GroovyClassLoader.java:330) ~[groovy-3.0.20.jar:3.0.20]
	at groovy.lang.GroovyClassLoader.parseClass(GroovyClassLoader.java:314) ~[groovy-3.0.20.jar:3.0.20]
	at groovy.lang.GroovyClassLoader.parseClass(GroovyClassLoader.java:257) ~[groovy-3.0.20.jar:3.0.20]
	at org.codehaus.groovy.jsr223.GroovyScriptEngineImpl.getScriptClass(GroovyScriptEngineImpl.java:336) ~[groovy-jsr223-3.0.20.jar:3.0.20]
	at org.codehaus.groovy.jsr223.GroovyScriptEngineImpl.compile(GroovyScriptEngineImpl.java:181) ~[groovy-jsr223-3.0.20.jar:3.0.20]
	... 15 more
2026-04-05 16:24:34,877 INFO o.a.j.t.JMeterThread: Thread is done: WebSocket Clients 1-44
2026-04-05 16:24:34,878 INFO o.a.j.t.JMeterThread: Thread finished: WebSocket Clients 1-44
2026-04-05 16:24:34,981 INFO o.a.j.t.JMeterThread: Thread started: WebSocket Clients 1-45
2026-04-05 16:24:35,243 ERROR o.a.j.p.j.s.JSR223Sampler: Problem in JSR223 script Open WebSocket And Join Group, message: javax.script.ScriptException: org.codehaus.groovy.control.MultipleCompilationErrorsException: startup failed:
Script44.groovy: 2: unable to resolve class java.net.http.HttpClient
 @ line 2, column 1.
   import java.net.http.HttpClient
   ^

Script44.groovy: 3: unable to resolve class java.net.http.WebSocket
 @ line 3, column 1.
   import java.net.http.WebSocket
   ^

Script44.groovy: 23: unable to resolve class WebSocket.Listener
 @ line 23, column 16.
   def listener = [
                  ^

3 errors

javax.script.ScriptException: org.codehaus.groovy.control.MultipleCompilationErrorsException: startup failed:
Script44.groovy: 2: unable to resolve class java.net.http.HttpClient
 @ line 2, column 1.
   import java.net.http.HttpClient
   ^

Script44.groovy: 3: unable to resolve class java.net.http.WebSocket
 @ line 3, column 1.
   import java.net.http.WebSocket
   ^

Script44.groovy: 23: unable to resolve class WebSocket.Listener
 @ line 23, column 16.
   def listener = [
                  ^

3 errors

	at org.codehaus.groovy.jsr223.GroovyScriptEngineImpl.compile(GroovyScriptEngineImpl.java:183) ~[groovy-jsr223-3.0.20.jar:3.0.20]
	at org.apache.jmeter.util.JSR223TestElement.lambda$processFileOrScript$1(JSR223TestElement.java:225) ~[ApacheJMeter_core.jar:5.6.3]
	at com.github.benmanes.caffeine.cache.BoundedLocalCache.lambda$doComputeIfAbsent$14(BoundedLocalCache.java:2406) ~[caffeine-2.9.3.jar:?]
	at java.util.concurrent.ConcurrentHashMap.compute(Unknown Source) ~[?:1.8.0_421]
	at com.github.benmanes.caffeine.cache.BoundedLocalCache.doComputeIfAbsent(BoundedLocalCache.java:2404) ~[caffeine-2.9.3.jar:?]
	at com.github.benmanes.caffeine.cache.BoundedLocalCache.computeIfAbsent(BoundedLocalCache.java:2387) ~[caffeine-2.9.3.jar:?]
	at com.github.benmanes.caffeine.cache.LocalCache.computeIfAbsent(LocalCache.java:108) ~[caffeine-2.9.3.jar:?]
	at com.github.benmanes.caffeine.cache.LocalManualCache.get(LocalManualCache.java:62) ~[caffeine-2.9.3.jar:?]
	at org.apache.jmeter.util.JSR223TestElement.getCompiledScript(JSR223TestElement.java:252) ~[ApacheJMeter_core.jar:5.6.3]
	at org.apache.jmeter.util.JSR223TestElement.processFileOrScript(JSR223TestElement.java:223) ~[ApacheJMeter_core.jar:5.6.3]
	at org.apache.jmeter.protocol.java.sampler.JSR223Sampler.sample(JSR223Sampler.java:72) [ApacheJMeter_java.jar:5.6.3]
	at org.apache.jmeter.threads.JMeterThread.doSampling(JMeterThread.java:651) [ApacheJMeter_core.jar:5.6.3]
	at org.apache.jmeter.threads.JMeterThread.executeSamplePackage(JMeterThread.java:570) [ApacheJMeter_core.jar:5.6.3]
	at org.apache.jmeter.threads.JMeterThread.processSampler(JMeterThread.java:501) [ApacheJMeter_core.jar:5.6.3]
	at org.apache.jmeter.threads.JMeterThread.run(JMeterThread.java:268) [ApacheJMeter_core.jar:5.6.3]
	at java.lang.Thread.run(Unknown Source) [?:1.8.0_421]
	Suppressed: java.lang.IllegalStateException: Unable to compile script StringScriptCacheKey{contents='244704969b2419b4950de0c9674a89cf'}
		at org.apache.jmeter.util.JSR223TestElement.getCompiledScript(JSR223TestElement.java:264) ~[ApacheJMeter_core.jar:5.6.3]
		at org.apache.jmeter.util.JSR223TestElement.processFileOrScript(JSR223TestElement.java:223) ~[ApacheJMeter_core.jar:5.6.3]
		at org.apache.jmeter.protocol.java.sampler.JSR223Sampler.sample(JSR223Sampler.java:72) [ApacheJMeter_java.jar:5.6.3]
		at org.apache.jmeter.threads.JMeterThread.doSampling(JMeterThread.java:651) [ApacheJMeter_core.jar:5.6.3]
		at org.apache.jmeter.threads.JMeterThread.executeSamplePackage(JMeterThread.java:570) [ApacheJMeter_core.jar:5.6.3]
		at org.apache.jmeter.threads.JMeterThread.processSampler(JMeterThread.java:501) [ApacheJMeter_core.jar:5.6.3]
		at org.apache.jmeter.threads.JMeterThread.run(JMeterThread.java:268) [ApacheJMeter_core.jar:5.6.3]
		at java.lang.Thread.run(Unknown Source) [?:1.8.0_421]
Caused by: org.codehaus.groovy.control.MultipleCompilationErrorsException: startup failed:
Script44.groovy: 2: unable to resolve class java.net.http.HttpClient
 @ line 2, column 1.
   import java.net.http.HttpClient
   ^

Script44.groovy: 3: unable to resolve class java.net.http.WebSocket
 @ line 3, column 1.
   import java.net.http.WebSocket
   ^

Script44.groovy: 23: unable to resolve class WebSocket.Listener
 @ line 23, column 16.
   def listener = [
                  ^

3 errors

	at org.codehaus.groovy.control.ErrorCollector.failIfErrors(ErrorCollector.java:292) ~[groovy-3.0.20.jar:3.0.20]
	at org.codehaus.groovy.control.CompilationUnit$ISourceUnitOperation.doPhaseOperation(CompilationUnit.java:915) ~[groovy-3.0.20.jar:3.0.20]
	at org.codehaus.groovy.control.CompilationUnit.compile(CompilationUnit.java:628) ~[groovy-3.0.20.jar:3.0.20]
	at groovy.lang.GroovyClassLoader.doParseClass(GroovyClassLoader.java:389) ~[groovy-3.0.20.jar:3.0.20]
	at groovy.lang.GroovyClassLoader.lambda$parseClass$3(GroovyClassLoader.java:332) ~[groovy-3.0.20.jar:3.0.20]
	at org.codehaus.groovy.runtime.memoize.StampedCommonCache.compute(StampedCommonCache.java:163) ~[groovy-3.0.20.jar:3.0.20]
	at org.codehaus.groovy.runtime.memoize.StampedCommonCache.getAndPut(StampedCommonCache.java:154) ~[groovy-3.0.20.jar:3.0.20]
	at groovy.lang.GroovyClassLoader.parseClass(GroovyClassLoader.java:330) ~[groovy-3.0.20.jar:3.0.20]
	at groovy.lang.GroovyClassLoader.parseClass(GroovyClassLoader.java:314) ~[groovy-3.0.20.jar:3.0.20]
	at groovy.lang.GroovyClassLoader.parseClass(GroovyClassLoader.java:257) ~[groovy-3.0.20.jar:3.0.20]
	at org.codehaus.groovy.jsr223.GroovyScriptEngineImpl.getScriptClass(GroovyScriptEngineImpl.java:336) ~[groovy-jsr223-3.0.20.jar:3.0.20]
	at org.codehaus.groovy.jsr223.GroovyScriptEngineImpl.compile(GroovyScriptEngineImpl.java:181) ~[groovy-jsr223-3.0.20.jar:3.0.20]
	... 15 more
2026-04-05 16:24:35,245 INFO o.a.j.t.JMeterThread: Thread is done: WebSocket Clients 1-43
2026-04-05 16:24:35,253 INFO o.a.j.t.JMeterThread: Thread finished: WebSocket Clients 1-43
2026-04-05 16:24:35,601 INFO o.a.j.t.JMeterThread: Thread started: WebSocket Clients 1-46
2026-04-05 16:24:36,010 ERROR o.a.j.p.j.s.JSR223Sampler: Problem in JSR223 script Open WebSocket And Join Group, message: javax.script.ScriptException: org.codehaus.groovy.control.MultipleCompilationErrorsException: startup failed:
Script45.groovy: 2: unable to resolve class java.net.http.HttpClient
 @ line 2, column 1.
   import java.net.http.HttpClient
   ^

Script45.groovy: 3: unable to resolve class java.net.http.WebSocket
 @ line 3, column 1.
   import java.net.http.WebSocket
   ^

Script45.groovy: 23: unable to resolve class WebSocket.Listener
 @ line 23, column 16.
   def listener = [
                  ^

3 errors

javax.script.ScriptException: org.codehaus.groovy.control.MultipleCompilationErrorsException: startup failed:
Script45.groovy: 2: unable to resolve class java.net.http.HttpClient
 @ line 2, column 1.
   import java.net.http.HttpClient
   ^

Script45.groovy: 3: unable to resolve class java.net.http.WebSocket
 @ line 3, column 1.
   import java.net.http.WebSocket
   ^

Script45.groovy: 23: unable to resolve class WebSocket.Listener
 @ line 23, column 16.
   def listener = [
                  ^

3 errors

	at org.codehaus.groovy.jsr223.GroovyScriptEngineImpl.compile(GroovyScriptEngineImpl.java:183) ~[groovy-jsr223-3.0.20.jar:3.0.20]
	at org.apache.jmeter.util.JSR223TestElement.lambda$processFileOrScript$1(JSR223TestElement.java:225) ~[ApacheJMeter_core.jar:5.6.3]
	at com.github.benmanes.caffeine.cache.BoundedLocalCache.lambda$doComputeIfAbsent$14(BoundedLocalCache.java:2406) ~[caffeine-2.9.3.jar:?]
	at java.util.concurrent.ConcurrentHashMap.compute(Unknown Source) ~[?:1.8.0_421]
	at com.github.benmanes.caffeine.cache.BoundedLocalCache.doComputeIfAbsent(BoundedLocalCache.java:2404) ~[caffeine-2.9.3.jar:?]
	at com.github.benmanes.caffeine.cache.BoundedLocalCache.computeIfAbsent(BoundedLocalCache.java:2387) ~[caffeine-2.9.3.jar:?]
	at com.github.benmanes.caffeine.cache.LocalCache.computeIfAbsent(LocalCache.java:108) ~[caffeine-2.9.3.jar:?]
	at com.github.benmanes.caffeine.cache.LocalManualCache.get(LocalManualCache.java:62) ~[caffeine-2.9.3.jar:?]
	at org.apache.jmeter.util.JSR223TestElement.getCompiledScript(JSR223TestElement.java:252) ~[ApacheJMeter_core.jar:5.6.3]
	at org.apache.jmeter.util.JSR223TestElement.processFileOrScript(JSR223TestElement.java:223) ~[ApacheJMeter_core.jar:5.6.3]
	at org.apache.jmeter.protocol.java.sampler.JSR223Sampler.sample(JSR223Sampler.java:72) [ApacheJMeter_java.jar:5.6.3]
	at org.apache.jmeter.threads.JMeterThread.doSampling(JMeterThread.java:651) [ApacheJMeter_core.jar:5.6.3]
	at org.apache.jmeter.threads.JMeterThread.executeSamplePackage(JMeterThread.java:570) [ApacheJMeter_core.jar:5.6.3]
	at org.apache.jmeter.threads.JMeterThread.processSampler(JMeterThread.java:501) [ApacheJMeter_core.jar:5.6.3]
	at org.apache.jmeter.threads.JMeterThread.run(JMeterThread.java:268) [ApacheJMeter_core.jar:5.6.3]
	at java.lang.Thread.run(Unknown Source) [?:1.8.0_421]
	Suppressed: java.lang.IllegalStateException: Unable to compile script StringScriptCacheKey{contents='58cb05f406f4e88903124d684bc09a41'}
		at org.apache.jmeter.util.JSR223TestElement.getCompiledScript(JSR223TestElement.java:264) ~[ApacheJMeter_core.jar:5.6.3]
		at org.apache.jmeter.util.JSR223TestElement.processFileOrScript(JSR223TestElement.java:223) ~[ApacheJMeter_core.jar:5.6.3]
		at org.apache.jmeter.protocol.java.sampler.JSR223Sampler.sample(JSR223Sampler.java:72) [ApacheJMeter_java.jar:5.6.3]
		at org.apache.jmeter.threads.JMeterThread.doSampling(JMeterThread.java:651) [ApacheJMeter_core.jar:5.6.3]
		at org.apache.jmeter.threads.JMeterThread.executeSamplePackage(JMeterThread.java:570) [ApacheJMeter_core.jar:5.6.3]
		at org.apache.jmeter.threads.JMeterThread.processSampler(JMeterThread.java:501) [ApacheJMeter_core.jar:5.6.3]
		at org.apache.jmeter.threads.JMeterThread.run(JMeterThread.java:268) [ApacheJMeter_core.jar:5.6.3]
		at java.lang.Thread.run(Unknown Source) [?:1.8.0_421]
Caused by: org.codehaus.groovy.control.MultipleCompilationErrorsException: startup failed:
Script45.groovy: 2: unable to resolve class java.net.http.HttpClient
 @ line 2, column 1.
   import java.net.http.HttpClient
   ^

Script45.groovy: 3: unable to resolve class java.net.http.WebSocket
 @ line 3, column 1.
   import java.net.http.WebSocket
   ^

Script45.groovy: 23: unable to resolve class WebSocket.Listener
 @ line 23, column 16.
   def listener = [
                  ^

3 errors

	at org.codehaus.groovy.control.ErrorCollector.failIfErrors(ErrorCollector.java:292) ~[groovy-3.0.20.jar:3.0.20]
	at org.codehaus.groovy.control.CompilationUnit$ISourceUnitOperation.doPhaseOperation(CompilationUnit.java:915) ~[groovy-3.0.20.jar:3.0.20]
	at org.codehaus.groovy.control.CompilationUnit.compile(CompilationUnit.java:628) ~[groovy-3.0.20.jar:3.0.20]
	at groovy.lang.GroovyClassLoader.doParseClass(GroovyClassLoader.java:389) ~[groovy-3.0.20.jar:3.0.20]
	at groovy.lang.GroovyClassLoader.lambda$parseClass$3(GroovyClassLoader.java:332) ~[groovy-3.0.20.jar:3.0.20]
	at org.codehaus.groovy.runtime.memoize.StampedCommonCache.compute(StampedCommonCache.java:163) ~[groovy-3.0.20.jar:3.0.20]
	at org.codehaus.groovy.runtime.memoize.StampedCommonCache.getAndPut(StampedCommonCache.java:154) ~[groovy-3.0.20.jar:3.0.20]
	at groovy.lang.GroovyClassLoader.parseClass(GroovyClassLoader.java:330) ~[groovy-3.0.20.jar:3.0.20]
	at groovy.lang.GroovyClassLoader.parseClass(GroovyClassLoader.java:314) ~[groovy-3.0.20.jar:3.0.20]
	at groovy.lang.GroovyClassLoader.parseClass(GroovyClassLoader.java:257) ~[groovy-3.0.20.jar:3.0.20]
	at org.codehaus.groovy.jsr223.GroovyScriptEngineImpl.getScriptClass(GroovyScriptEngineImpl.java:336) ~[groovy-jsr223-3.0.20.jar:3.0.20]
	at org.codehaus.groovy.jsr223.GroovyScriptEngineImpl.compile(GroovyScriptEngineImpl.java:181) ~[groovy-jsr223-3.0.20.jar:3.0.20]
	... 15 more
2026-04-05 16:24:36,011 INFO o.a.j.t.JMeterThread: Thread is done: WebSocket Clients 1-46
2026-04-05 16:24:36,011 INFO o.a.j.t.JMeterThread: Thread finished: WebSocket Clients 1-46
2026-04-05 16:24:36,203 INFO o.a.j.t.JMeterThread: Thread started: WebSocket Clients 1-47
2026-04-05 16:24:36,356 ERROR o.a.j.p.j.s.JSR223Sampler: Problem in JSR223 script Open WebSocket And Join Group, message: javax.script.ScriptException: org.codehaus.groovy.control.MultipleCompilationErrorsException: startup failed:
Script46.groovy: 2: unable to resolve class java.net.http.HttpClient
 @ line 2, column 1.
   import java.net.http.HttpClient
   ^

Script46.groovy: 3: unable to resolve class java.net.http.WebSocket
 @ line 3, column 1.
   import java.net.http.WebSocket
   ^

Script46.groovy: 23: unable to resolve class WebSocket.Listener
 @ line 23, column 16.
   def listener = [
                  ^

3 errors

javax.script.ScriptException: org.codehaus.groovy.control.MultipleCompilationErrorsException: startup failed:
Script46.groovy: 2: unable to resolve class java.net.http.HttpClient
 @ line 2, column 1.
   import java.net.http.HttpClient
   ^

Script46.groovy: 3: unable to resolve class java.net.http.WebSocket
 @ line 3, column 1.
   import java.net.http.WebSocket
   ^

Script46.groovy: 23: unable to resolve class WebSocket.Listener
 @ line 23, column 16.
   def listener = [
                  ^

3 errors

	at org.codehaus.groovy.jsr223.GroovyScriptEngineImpl.compile(GroovyScriptEngineImpl.java:183) ~[groovy-jsr223-3.0.20.jar:3.0.20]
	at org.apache.jmeter.util.JSR223TestElement.lambda$processFileOrScript$1(JSR223TestElement.java:225) ~[ApacheJMeter_core.jar:5.6.3]
	at com.github.benmanes.caffeine.cache.BoundedLocalCache.lambda$doComputeIfAbsent$14(BoundedLocalCache.java:2406) ~[caffeine-2.9.3.jar:?]
	at java.util.concurrent.ConcurrentHashMap.compute(Unknown Source) ~[?:1.8.0_421]
	at com.github.benmanes.caffeine.cache.BoundedLocalCache.doComputeIfAbsent(BoundedLocalCache.java:2404) ~[caffeine-2.9.3.jar:?]
	at com.github.benmanes.caffeine.cache.BoundedLocalCache.computeIfAbsent(BoundedLocalCache.java:2387) ~[caffeine-2.9.3.jar:?]
	at com.github.benmanes.caffeine.cache.LocalCache.computeIfAbsent(LocalCache.java:108) ~[caffeine-2.9.3.jar:?]
	at com.github.benmanes.caffeine.cache.LocalManualCache.get(LocalManualCache.java:62) ~[caffeine-2.9.3.jar:?]
	at org.apache.jmeter.util.JSR223TestElement.getCompiledScript(JSR223TestElement.java:252) ~[ApacheJMeter_core.jar:5.6.3]
	at org.apache.jmeter.util.JSR223TestElement.processFileOrScript(JSR223TestElement.java:223) ~[ApacheJMeter_core.jar:5.6.3]
	at org.apache.jmeter.protocol.java.sampler.JSR223Sampler.sample(JSR223Sampler.java:72) [ApacheJMeter_java.jar:5.6.3]
	at org.apache.jmeter.threads.JMeterThread.doSampling(JMeterThread.java:651) [ApacheJMeter_core.jar:5.6.3]
	at org.apache.jmeter.threads.JMeterThread.executeSamplePackage(JMeterThread.java:570) [ApacheJMeter_core.jar:5.6.3]
	at org.apache.jmeter.threads.JMeterThread.processSampler(JMeterThread.java:501) [ApacheJMeter_core.jar:5.6.3]
	at org.apache.jmeter.threads.JMeterThread.run(JMeterThread.java:268) [ApacheJMeter_core.jar:5.6.3]
	at java.lang.Thread.run(Unknown Source) [?:1.8.0_421]
	Suppressed: java.lang.IllegalStateException: Unable to compile script StringScriptCacheKey{contents='bd57ff9dda2c6907bf0cb1a7a39f1d40'}
		at org.apache.jmeter.util.JSR223TestElement.getCompiledScript(JSR223TestElement.java:264) ~[ApacheJMeter_core.jar:5.6.3]
		at org.apache.jmeter.util.JSR223TestElement.processFileOrScript(JSR223TestElement.java:223) ~[ApacheJMeter_core.jar:5.6.3]
		at org.apache.jmeter.protocol.java.sampler.JSR223Sampler.sample(JSR223Sampler.java:72) [ApacheJMeter_java.jar:5.6.3]
		at org.apache.jmeter.threads.JMeterThread.doSampling(JMeterThread.java:651) [ApacheJMeter_core.jar:5.6.3]
		at org.apache.jmeter.threads.JMeterThread.executeSamplePackage(JMeterThread.java:570) [ApacheJMeter_core.jar:5.6.3]
		at org.apache.jmeter.threads.JMeterThread.processSampler(JMeterThread.java:501) [ApacheJMeter_core.jar:5.6.3]
		at org.apache.jmeter.threads.JMeterThread.run(JMeterThread.java:268) [ApacheJMeter_core.jar:5.6.3]
		at java.lang.Thread.run(Unknown Source) [?:1.8.0_421]
Caused by: org.codehaus.groovy.control.MultipleCompilationErrorsException: startup failed:
Script46.groovy: 2: unable to resolve class java.net.http.HttpClient
 @ line 2, column 1.
   import java.net.http.HttpClient
   ^

Script46.groovy: 3: unable to resolve class java.net.http.WebSocket
 @ line 3, column 1.
   import java.net.http.WebSocket
   ^

Script46.groovy: 23: unable to resolve class WebSocket.Listener
 @ line 23, column 16.
   def listener = [
                  ^

3 errors

	at org.codehaus.groovy.control.ErrorCollector.failIfErrors(ErrorCollector.java:292) ~[groovy-3.0.20.jar:3.0.20]
	at org.codehaus.groovy.control.CompilationUnit$ISourceUnitOperation.doPhaseOperation(CompilationUnit.java:915) ~[groovy-3.0.20.jar:3.0.20]
	at org.codehaus.groovy.control.CompilationUnit.compile(CompilationUnit.java:628) ~[groovy-3.0.20.jar:3.0.20]
	at groovy.lang.GroovyClassLoader.doParseClass(GroovyClassLoader.java:389) ~[groovy-3.0.20.jar:3.0.20]
	at groovy.lang.GroovyClassLoader.lambda$parseClass$3(GroovyClassLoader.java:332) ~[groovy-3.0.20.jar:3.0.20]
	at org.codehaus.groovy.runtime.memoize.StampedCommonCache.compute(StampedCommonCache.java:163) ~[groovy-3.0.20.jar:3.0.20]
	at org.codehaus.groovy.runtime.memoize.StampedCommonCache.getAndPut(StampedCommonCache.java:154) ~[groovy-3.0.20.jar:3.0.20]
	at groovy.lang.GroovyClassLoader.parseClass(GroovyClassLoader.java:330) ~[groovy-3.0.20.jar:3.0.20]
	at groovy.lang.GroovyClassLoader.parseClass(GroovyClassLoader.java:314) ~[groovy-3.0.20.jar:3.0.20]
	at groovy.lang.GroovyClassLoader.parseClass(GroovyClassLoader.java:257) ~[groovy-3.0.20.jar:3.0.20]
	at org.codehaus.groovy.jsr223.GroovyScriptEngineImpl.getScriptClass(GroovyScriptEngineImpl.java:336) ~[groovy-jsr223-3.0.20.jar:3.0.20]
	at org.codehaus.groovy.jsr223.GroovyScriptEngineImpl.compile(GroovyScriptEngineImpl.java:181) ~[groovy-jsr223-3.0.20.jar:3.0.20]
	... 15 more
2026-04-05 16:24:36,358 INFO o.a.j.t.JMeterThread: Thread is done: WebSocket Clients 1-45
2026-04-05 16:24:36,358 INFO o.a.j.t.JMeterThread: Thread finished: WebSocket Clients 1-45
2026-04-05 16:24:36,777 INFO o.a.j.t.JMeterThread: Thread started: WebSocket Clients 1-48
2026-04-05 16:24:37,351 INFO o.a.j.t.JMeterThread: Thread started: WebSocket Clients 1-49
2026-04-05 16:24:37,366 ERROR o.a.j.p.j.s.JSR223Sampler: Problem in JSR223 script Open WebSocket And Join Group, message: javax.script.ScriptException: org.codehaus.groovy.control.MultipleCompilationErrorsException: startup failed:
Script47.groovy: 2: unable to resolve class java.net.http.HttpClient
 @ line 2, column 1.
   import java.net.http.HttpClient
   ^

Script47.groovy: 3: unable to resolve class java.net.http.WebSocket
 @ line 3, column 1.
   import java.net.http.WebSocket
   ^

Script47.groovy: 23: unable to resolve class WebSocket.Listener
 @ line 23, column 16.
   def listener = [
                  ^

3 errors

javax.script.ScriptException: org.codehaus.groovy.control.MultipleCompilationErrorsException: startup failed:
Script47.groovy: 2: unable to resolve class java.net.http.HttpClient
 @ line 2, column 1.
   import java.net.http.HttpClient
   ^

Script47.groovy: 3: unable to resolve class java.net.http.WebSocket
 @ line 3, column 1.
   import java.net.http.WebSocket
   ^

Script47.groovy: 23: unable to resolve class WebSocket.Listener
 @ line 23, column 16.
   def listener = [
                  ^

3 errors

	at org.codehaus.groovy.jsr223.GroovyScriptEngineImpl.compile(GroovyScriptEngineImpl.java:183) ~[groovy-jsr223-3.0.20.jar:3.0.20]
	at org.apache.jmeter.util.JSR223TestElement.lambda$processFileOrScript$1(JSR223TestElement.java:225) ~[ApacheJMeter_core.jar:5.6.3]
	at com.github.benmanes.caffeine.cache.BoundedLocalCache.lambda$doComputeIfAbsent$14(BoundedLocalCache.java:2406) ~[caffeine-2.9.3.jar:?]
	at java.util.concurrent.ConcurrentHashMap.compute(Unknown Source) ~[?:1.8.0_421]
	at com.github.benmanes.caffeine.cache.BoundedLocalCache.doComputeIfAbsent(BoundedLocalCache.java:2404) ~[caffeine-2.9.3.jar:?]
	at com.github.benmanes.caffeine.cache.BoundedLocalCache.computeIfAbsent(BoundedLocalCache.java:2387) ~[caffeine-2.9.3.jar:?]
	at com.github.benmanes.caffeine.cache.LocalCache.computeIfAbsent(LocalCache.java:108) ~[caffeine-2.9.3.jar:?]
	at com.github.benmanes.caffeine.cache.LocalManualCache.get(LocalManualCache.java:62) ~[caffeine-2.9.3.jar:?]
	at org.apache.jmeter.util.JSR223TestElement.getCompiledScript(JSR223TestElement.java:252) ~[ApacheJMeter_core.jar:5.6.3]
	at org.apache.jmeter.util.JSR223TestElement.processFileOrScript(JSR223TestElement.java:223) ~[ApacheJMeter_core.jar:5.6.3]
	at org.apache.jmeter.protocol.java.sampler.JSR223Sampler.sample(JSR223Sampler.java:72) [ApacheJMeter_java.jar:5.6.3]
	at org.apache.jmeter.threads.JMeterThread.doSampling(JMeterThread.java:651) [ApacheJMeter_core.jar:5.6.3]
	at org.apache.jmeter.threads.JMeterThread.executeSamplePackage(JMeterThread.java:570) [ApacheJMeter_core.jar:5.6.3]
	at org.apache.jmeter.threads.JMeterThread.processSampler(JMeterThread.java:501) [ApacheJMeter_core.jar:5.6.3]
	at org.apache.jmeter.threads.JMeterThread.run(JMeterThread.java:268) [ApacheJMeter_core.jar:5.6.3]
	at java.lang.Thread.run(Unknown Source) [?:1.8.0_421]
	Suppressed: java.lang.IllegalStateException: Unable to compile script StringScriptCacheKey{contents='014c1f162c909a2f17e05d7bbc824e10'}
		at org.apache.jmeter.util.JSR223TestElement.getCompiledScript(JSR223TestElement.java:264) ~[ApacheJMeter_core.jar:5.6.3]
		at org.apache.jmeter.util.JSR223TestElement.processFileOrScript(JSR223TestElement.java:223) ~[ApacheJMeter_core.jar:5.6.3]
		at org.apache.jmeter.protocol.java.sampler.JSR223Sampler.sample(JSR223Sampler.java:72) [ApacheJMeter_java.jar:5.6.3]
		at org.apache.jmeter.threads.JMeterThread.doSampling(JMeterThread.java:651) [ApacheJMeter_core.jar:5.6.3]
		at org.apache.jmeter.threads.JMeterThread.executeSamplePackage(JMeterThread.java:570) [ApacheJMeter_core.jar:5.6.3]
		at org.apache.jmeter.threads.JMeterThread.processSampler(JMeterThread.java:501) [ApacheJMeter_core.jar:5.6.3]
		at org.apache.jmeter.threads.JMeterThread.run(JMeterThread.java:268) [ApacheJMeter_core.jar:5.6.3]
		at java.lang.Thread.run(Unknown Source) [?:1.8.0_421]
Caused by: org.codehaus.groovy.control.MultipleCompilationErrorsException: startup failed:
Script47.groovy: 2: unable to resolve class java.net.http.HttpClient
 @ line 2, column 1.
   import java.net.http.HttpClient
   ^

Script47.groovy: 3: unable to resolve class java.net.http.WebSocket
 @ line 3, column 1.
   import java.net.http.WebSocket
   ^

Script47.groovy: 23: unable to resolve class WebSocket.Listener
 @ line 23, column 16.
   def listener = [
                  ^

3 errors

	at org.codehaus.groovy.control.ErrorCollector.failIfErrors(ErrorCollector.java:292) ~[groovy-3.0.20.jar:3.0.20]
	at org.codehaus.groovy.control.CompilationUnit$ISourceUnitOperation.doPhaseOperation(CompilationUnit.java:915) ~[groovy-3.0.20.jar:3.0.20]
	at org.codehaus.groovy.control.CompilationUnit.compile(CompilationUnit.java:628) ~[groovy-3.0.20.jar:3.0.20]
	at groovy.lang.GroovyClassLoader.doParseClass(GroovyClassLoader.java:389) ~[groovy-3.0.20.jar:3.0.20]
	at groovy.lang.GroovyClassLoader.lambda$parseClass$3(GroovyClassLoader.java:332) ~[groovy-3.0.20.jar:3.0.20]
	at org.codehaus.groovy.runtime.memoize.StampedCommonCache.compute(StampedCommonCache.java:163) ~[groovy-3.0.20.jar:3.0.20]
	at org.codehaus.groovy.runtime.memoize.StampedCommonCache.getAndPut(StampedCommonCache.java:154) ~[groovy-3.0.20.jar:3.0.20]
	at groovy.lang.GroovyClassLoader.parseClass(GroovyClassLoader.java:330) ~[groovy-3.0.20.jar:3.0.20]
	at groovy.lang.GroovyClassLoader.parseClass(GroovyClassLoader.java:314) ~[groovy-3.0.20.jar:3.0.20]
	at groovy.lang.GroovyClassLoader.parseClass(GroovyClassLoader.java:257) ~[groovy-3.0.20.jar:3.0.20]
	at org.codehaus.groovy.jsr223.GroovyScriptEngineImpl.getScriptClass(GroovyScriptEngineImpl.java:336) ~[groovy-jsr223-3.0.20.jar:3.0.20]
	at org.codehaus.groovy.jsr223.GroovyScriptEngineImpl.compile(GroovyScriptEngineImpl.java:181) ~[groovy-jsr223-3.0.20.jar:3.0.20]
	... 15 more
2026-04-05 16:24:37,368 INFO o.a.j.t.JMeterThread: Thread is done: WebSocket Clients 1-48
2026-04-05 16:24:37,368 INFO o.a.j.t.JMeterThread: Thread finished: WebSocket Clients 1-48
2026-04-05 16:24:37,630 ERROR o.a.j.p.j.s.JSR223Sampler: Problem in JSR223 script Open WebSocket And Join Group, message: javax.script.ScriptException: org.codehaus.groovy.control.MultipleCompilationErrorsException: startup failed:
Script48.groovy: 2: unable to resolve class java.net.http.HttpClient
 @ line 2, column 1.
   import java.net.http.HttpClient
   ^

Script48.groovy: 3: unable to resolve class java.net.http.WebSocket
 @ line 3, column 1.
   import java.net.http.WebSocket
   ^

Script48.groovy: 23: unable to resolve class WebSocket.Listener
 @ line 23, column 16.
   def listener = [
                  ^

3 errors

javax.script.ScriptException: org.codehaus.groovy.control.MultipleCompilationErrorsException: startup failed:
Script48.groovy: 2: unable to resolve class java.net.http.HttpClient
 @ line 2, column 1.
   import java.net.http.HttpClient
   ^

Script48.groovy: 3: unable to resolve class java.net.http.WebSocket
 @ line 3, column 1.
   import java.net.http.WebSocket
   ^

Script48.groovy: 23: unable to resolve class WebSocket.Listener
 @ line 23, column 16.
   def listener = [
                  ^

3 errors

	at org.codehaus.groovy.jsr223.GroovyScriptEngineImpl.compile(GroovyScriptEngineImpl.java:183) ~[groovy-jsr223-3.0.20.jar:3.0.20]
	at org.apache.jmeter.util.JSR223TestElement.lambda$processFileOrScript$1(JSR223TestElement.java:225) ~[ApacheJMeter_core.jar:5.6.3]
	at com.github.benmanes.caffeine.cache.BoundedLocalCache.lambda$doComputeIfAbsent$14(BoundedLocalCache.java:2406) ~[caffeine-2.9.3.jar:?]
	at java.util.concurrent.ConcurrentHashMap.compute(Unknown Source) ~[?:1.8.0_421]
	at com.github.benmanes.caffeine.cache.BoundedLocalCache.doComputeIfAbsent(BoundedLocalCache.java:2404) ~[caffeine-2.9.3.jar:?]
	at com.github.benmanes.caffeine.cache.BoundedLocalCache.computeIfAbsent(BoundedLocalCache.java:2387) ~[caffeine-2.9.3.jar:?]
	at com.github.benmanes.caffeine.cache.LocalCache.computeIfAbsent(LocalCache.java:108) ~[caffeine-2.9.3.jar:?]
	at com.github.benmanes.caffeine.cache.LocalManualCache.get(LocalManualCache.java:62) ~[caffeine-2.9.3.jar:?]
	at org.apache.jmeter.util.JSR223TestElement.getCompiledScript(JSR223TestElement.java:252) ~[ApacheJMeter_core.jar:5.6.3]
	at org.apache.jmeter.util.JSR223TestElement.processFileOrScript(JSR223TestElement.java:223) ~[ApacheJMeter_core.jar:5.6.3]
	at org.apache.jmeter.protocol.java.sampler.JSR223Sampler.sample(JSR223Sampler.java:72) [ApacheJMeter_java.jar:5.6.3]
	at org.apache.jmeter.threads.JMeterThread.doSampling(JMeterThread.java:651) [ApacheJMeter_core.jar:5.6.3]
	at org.apache.jmeter.threads.JMeterThread.executeSamplePackage(JMeterThread.java:570) [ApacheJMeter_core.jar:5.6.3]
	at org.apache.jmeter.threads.JMeterThread.processSampler(JMeterThread.java:501) [ApacheJMeter_core.jar:5.6.3]
	at org.apache.jmeter.threads.JMeterThread.run(JMeterThread.java:268) [ApacheJMeter_core.jar:5.6.3]
	at java.lang.Thread.run(Unknown Source) [?:1.8.0_421]
	Suppressed: java.lang.IllegalStateException: Unable to compile script StringScriptCacheKey{contents='56061a72893a6926f61cb932bcbc3e1d'}
		at org.apache.jmeter.util.JSR223TestElement.getCompiledScript(JSR223TestElement.java:264) ~[ApacheJMeter_core.jar:5.6.3]
		at org.apache.jmeter.util.JSR223TestElement.processFileOrScript(JSR223TestElement.java:223) ~[ApacheJMeter_core.jar:5.6.3]
		at org.apache.jmeter.protocol.java.sampler.JSR223Sampler.sample(JSR223Sampler.java:72) [ApacheJMeter_java.jar:5.6.3]
		at org.apache.jmeter.threads.JMeterThread.doSampling(JMeterThread.java:651) [ApacheJMeter_core.jar:5.6.3]
		at org.apache.jmeter.threads.JMeterThread.executeSamplePackage(JMeterThread.java:570) [ApacheJMeter_core.jar:5.6.3]
		at org.apache.jmeter.threads.JMeterThread.processSampler(JMeterThread.java:501) [ApacheJMeter_core.jar:5.6.3]
		at org.apache.jmeter.threads.JMeterThread.run(JMeterThread.java:268) [ApacheJMeter_core.jar:5.6.3]
		at java.lang.Thread.run(Unknown Source) [?:1.8.0_421]
Caused by: org.codehaus.groovy.control.MultipleCompilationErrorsException: startup failed:
Script48.groovy: 2: unable to resolve class java.net.http.HttpClient
 @ line 2, column 1.
   import java.net.http.HttpClient
   ^

Script48.groovy: 3: unable to resolve class java.net.http.WebSocket
 @ line 3, column 1.
   import java.net.http.WebSocket
   ^

Script48.groovy: 23: unable to resolve class WebSocket.Listener
 @ line 23, column 16.
   def listener = [
                  ^

3 errors

	at org.codehaus.groovy.control.ErrorCollector.failIfErrors(ErrorCollector.java:292) ~[groovy-3.0.20.jar:3.0.20]
	at org.codehaus.groovy.control.CompilationUnit$ISourceUnitOperation.doPhaseOperation(CompilationUnit.java:915) ~[groovy-3.0.20.jar:3.0.20]
	at org.codehaus.groovy.control.CompilationUnit.compile(CompilationUnit.java:628) ~[groovy-3.0.20.jar:3.0.20]
	at groovy.lang.GroovyClassLoader.doParseClass(GroovyClassLoader.java:389) ~[groovy-3.0.20.jar:3.0.20]
	at groovy.lang.GroovyClassLoader.lambda$parseClass$3(GroovyClassLoader.java:332) ~[groovy-3.0.20.jar:3.0.20]
	at org.codehaus.groovy.runtime.memoize.StampedCommonCache.compute(StampedCommonCache.java:163) ~[groovy-3.0.20.jar:3.0.20]
	at org.codehaus.groovy.runtime.memoize.StampedCommonCache.getAndPut(StampedCommonCache.java:154) ~[groovy-3.0.20.jar:3.0.20]
	at groovy.lang.GroovyClassLoader.parseClass(GroovyClassLoader.java:330) ~[groovy-3.0.20.jar:3.0.20]
	at groovy.lang.GroovyClassLoader.parseClass(GroovyClassLoader.java:314) ~[groovy-3.0.20.jar:3.0.20]
	at groovy.lang.GroovyClassLoader.parseClass(GroovyClassLoader.java:257) ~[groovy-3.0.20.jar:3.0.20]
	at org.codehaus.groovy.jsr223.GroovyScriptEngineImpl.getScriptClass(GroovyScriptEngineImpl.java:336) ~[groovy-jsr223-3.0.20.jar:3.0.20]
	at org.codehaus.groovy.jsr223.GroovyScriptEngineImpl.compile(GroovyScriptEngineImpl.java:181) ~[groovy-jsr223-3.0.20.jar:3.0.20]
	... 15 more
2026-04-05 16:24:37,632 INFO o.a.j.t.JMeterThread: Thread is done: WebSocket Clients 1-47
2026-04-05 16:24:37,632 INFO o.a.j.t.JMeterThread: Thread finished: WebSocket Clients 1-47
2026-04-05 16:24:37,945 INFO o.a.j.t.JMeterThread: Thread started: WebSocket Clients 1-50
2026-04-05 16:24:38,359 ERROR o.a.j.p.j.s.JSR223Sampler: Problem in JSR223 script Open WebSocket And Join Group, message: javax.script.ScriptException: org.codehaus.groovy.control.MultipleCompilationErrorsException: startup failed:
Script49.groovy: 2: unable to resolve class java.net.http.HttpClient
 @ line 2, column 1.
   import java.net.http.HttpClient
   ^

Script49.groovy: 3: unable to resolve class java.net.http.WebSocket
 @ line 3, column 1.
   import java.net.http.WebSocket
   ^

Script49.groovy: 23: unable to resolve class WebSocket.Listener
 @ line 23, column 16.
   def listener = [
                  ^

3 errors

javax.script.ScriptException: org.codehaus.groovy.control.MultipleCompilationErrorsException: startup failed:
Script49.groovy: 2: unable to resolve class java.net.http.HttpClient
 @ line 2, column 1.
   import java.net.http.HttpClient
   ^

Script49.groovy: 3: unable to resolve class java.net.http.WebSocket
 @ line 3, column 1.
   import java.net.http.WebSocket
   ^

Script49.groovy: 23: unable to resolve class WebSocket.Listener
 @ line 23, column 16.
   def listener = [
                  ^

3 errors

	at org.codehaus.groovy.jsr223.GroovyScriptEngineImpl.compile(GroovyScriptEngineImpl.java:183) ~[groovy-jsr223-3.0.20.jar:3.0.20]
	at org.apache.jmeter.util.JSR223TestElement.lambda$processFileOrScript$1(JSR223TestElement.java:225) ~[ApacheJMeter_core.jar:5.6.3]
	at com.github.benmanes.caffeine.cache.BoundedLocalCache.lambda$doComputeIfAbsent$14(BoundedLocalCache.java:2406) ~[caffeine-2.9.3.jar:?]
	at java.util.concurrent.ConcurrentHashMap.compute(Unknown Source) ~[?:1.8.0_421]
	at com.github.benmanes.caffeine.cache.BoundedLocalCache.doComputeIfAbsent(BoundedLocalCache.java:2404) ~[caffeine-2.9.3.jar:?]
	at com.github.benmanes.caffeine.cache.BoundedLocalCache.computeIfAbsent(BoundedLocalCache.java:2387) ~[caffeine-2.9.3.jar:?]
	at com.github.benmanes.caffeine.cache.LocalCache.computeIfAbsent(LocalCache.java:108) ~[caffeine-2.9.3.jar:?]
	at com.github.benmanes.caffeine.cache.LocalManualCache.get(LocalManualCache.java:62) ~[caffeine-2.9.3.jar:?]
	at org.apache.jmeter.util.JSR223TestElement.getCompiledScript(JSR223TestElement.java:252) ~[ApacheJMeter_core.jar:5.6.3]
	at org.apache.jmeter.util.JSR223TestElement.processFileOrScript(JSR223TestElement.java:223) ~[ApacheJMeter_core.jar:5.6.3]
	at org.apache.jmeter.protocol.java.sampler.JSR223Sampler.sample(JSR223Sampler.java:72) [ApacheJMeter_java.jar:5.6.3]
	at org.apache.jmeter.threads.JMeterThread.doSampling(JMeterThread.java:651) [ApacheJMeter_core.jar:5.6.3]
	at org.apache.jmeter.threads.JMeterThread.executeSamplePackage(JMeterThread.java:570) [ApacheJMeter_core.jar:5.6.3]
	at org.apache.jmeter.threads.JMeterThread.processSampler(JMeterThread.java:501) [ApacheJMeter_core.jar:5.6.3]
	at org.apache.jmeter.threads.JMeterThread.run(JMeterThread.java:268) [ApacheJMeter_core.jar:5.6.3]
	at java.lang.Thread.run(Unknown Source) [?:1.8.0_421]
	Suppressed: java.lang.IllegalStateException: Unable to compile script StringScriptCacheKey{contents='b48fa167062d4d3014c121ca6bd42b79'}
		at org.apache.jmeter.util.JSR223TestElement.getCompiledScript(JSR223TestElement.java:264) ~[ApacheJMeter_core.jar:5.6.3]
		at org.apache.jmeter.util.JSR223TestElement.processFileOrScript(JSR223TestElement.java:223) ~[ApacheJMeter_core.jar:5.6.3]
		at org.apache.jmeter.protocol.java.sampler.JSR223Sampler.sample(JSR223Sampler.java:72) [ApacheJMeter_java.jar:5.6.3]
		at org.apache.jmeter.threads.JMeterThread.doSampling(JMeterThread.java:651) [ApacheJMeter_core.jar:5.6.3]
		at org.apache.jmeter.threads.JMeterThread.executeSamplePackage(JMeterThread.java:570) [ApacheJMeter_core.jar:5.6.3]
		at org.apache.jmeter.threads.JMeterThread.processSampler(JMeterThread.java:501) [ApacheJMeter_core.jar:5.6.3]
		at org.apache.jmeter.threads.JMeterThread.run(JMeterThread.java:268) [ApacheJMeter_core.jar:5.6.3]
		at java.lang.Thread.run(Unknown Source) [?:1.8.0_421]
Caused by: org.codehaus.groovy.control.MultipleCompilationErrorsException: startup failed:
Script49.groovy: 2: unable to resolve class java.net.http.HttpClient
 @ line 2, column 1.
   import java.net.http.HttpClient
   ^

Script49.groovy: 3: unable to resolve class java.net.http.WebSocket
 @ line 3, column 1.
   import java.net.http.WebSocket
   ^

Script49.groovy: 23: unable to resolve class WebSocket.Listener
 @ line 23, column 16.
   def listener = [
                  ^

3 errors

	at org.codehaus.groovy.control.ErrorCollector.failIfErrors(ErrorCollector.java:292) ~[groovy-3.0.20.jar:3.0.20]
	at org.codehaus.groovy.control.CompilationUnit$ISourceUnitOperation.doPhaseOperation(CompilationUnit.java:915) ~[groovy-3.0.20.jar:3.0.20]
	at org.codehaus.groovy.control.CompilationUnit.compile(CompilationUnit.java:628) ~[groovy-3.0.20.jar:3.0.20]
	at groovy.lang.GroovyClassLoader.doParseClass(GroovyClassLoader.java:389) ~[groovy-3.0.20.jar:3.0.20]
	at groovy.lang.GroovyClassLoader.lambda$parseClass$3(GroovyClassLoader.java:332) ~[groovy-3.0.20.jar:3.0.20]
	at org.codehaus.groovy.runtime.memoize.StampedCommonCache.compute(StampedCommonCache.java:163) ~[groovy-3.0.20.jar:3.0.20]
	at org.codehaus.groovy.runtime.memoize.StampedCommonCache.getAndPut(StampedCommonCache.java:154) ~[groovy-3.0.20.jar:3.0.20]
	at groovy.lang.GroovyClassLoader.parseClass(GroovyClassLoader.java:330) ~[groovy-3.0.20.jar:3.0.20]
	at groovy.lang.GroovyClassLoader.parseClass(GroovyClassLoader.java:314) ~[groovy-3.0.20.jar:3.0.20]
	at groovy.lang.GroovyClassLoader.parseClass(GroovyClassLoader.java:257) ~[groovy-3.0.20.jar:3.0.20]
	at org.codehaus.groovy.jsr223.GroovyScriptEngineImpl.getScriptClass(GroovyScriptEngineImpl.java:336) ~[groovy-jsr223-3.0.20.jar:3.0.20]
	at org.codehaus.groovy.jsr223.GroovyScriptEngineImpl.compile(GroovyScriptEngineImpl.java:181) ~[groovy-jsr223-3.0.20.jar:3.0.20]
	... 15 more
2026-04-05 16:24:38,363 INFO o.a.j.t.JMeterThread: Thread is done: WebSocket Clients 1-50
2026-04-05 16:24:38,364 INFO o.a.j.t.JMeterThread: Thread finished: WebSocket Clients 1-50
2026-04-05 16:24:38,699 ERROR o.a.j.p.j.s.JSR223Sampler: Problem in JSR223 script Open WebSocket And Join Group, message: javax.script.ScriptException: org.codehaus.groovy.control.MultipleCompilationErrorsException: startup failed:
Script50.groovy: 2: unable to resolve class java.net.http.HttpClient
 @ line 2, column 1.
   import java.net.http.HttpClient
   ^

Script50.groovy: 3: unable to resolve class java.net.http.WebSocket
 @ line 3, column 1.
   import java.net.http.WebSocket
   ^

Script50.groovy: 23: unable to resolve class WebSocket.Listener
 @ line 23, column 16.
   def listener = [
                  ^

3 errors

javax.script.ScriptException: org.codehaus.groovy.control.MultipleCompilationErrorsException: startup failed:
Script50.groovy: 2: unable to resolve class java.net.http.HttpClient
 @ line 2, column 1.
   import java.net.http.HttpClient
   ^

Script50.groovy: 3: unable to resolve class java.net.http.WebSocket
 @ line 3, column 1.
   import java.net.http.WebSocket
   ^

Script50.groovy: 23: unable to resolve class WebSocket.Listener
 @ line 23, column 16.
   def listener = [
                  ^

3 errors

	at org.codehaus.groovy.jsr223.GroovyScriptEngineImpl.compile(GroovyScriptEngineImpl.java:183) ~[groovy-jsr223-3.0.20.jar:3.0.20]
	at org.apache.jmeter.util.JSR223TestElement.lambda$processFileOrScript$1(JSR223TestElement.java:225) ~[ApacheJMeter_core.jar:5.6.3]
	at com.github.benmanes.caffeine.cache.BoundedLocalCache.lambda$doComputeIfAbsent$14(BoundedLocalCache.java:2406) ~[caffeine-2.9.3.jar:?]
	at java.util.concurrent.ConcurrentHashMap.compute(Unknown Source) ~[?:1.8.0_421]
	at com.github.benmanes.caffeine.cache.BoundedLocalCache.doComputeIfAbsent(BoundedLocalCache.java:2404) ~[caffeine-2.9.3.jar:?]
	at com.github.benmanes.caffeine.cache.BoundedLocalCache.computeIfAbsent(BoundedLocalCache.java:2387) ~[caffeine-2.9.3.jar:?]
	at com.github.benmanes.caffeine.cache.LocalCache.computeIfAbsent(LocalCache.java:108) ~[caffeine-2.9.3.jar:?]
	at com.github.benmanes.caffeine.cache.LocalManualCache.get(LocalManualCache.java:62) ~[caffeine-2.9.3.jar:?]
	at org.apache.jmeter.util.JSR223TestElement.getCompiledScript(JSR223TestElement.java:252) ~[ApacheJMeter_core.jar:5.6.3]
	at org.apache.jmeter.util.JSR223TestElement.processFileOrScript(JSR223TestElement.java:223) ~[ApacheJMeter_core.jar:5.6.3]
	at org.apache.jmeter.protocol.java.sampler.JSR223Sampler.sample(JSR223Sampler.java:72) [ApacheJMeter_java.jar:5.6.3]
	at org.apache.jmeter.threads.JMeterThread.doSampling(JMeterThread.java:651) [ApacheJMeter_core.jar:5.6.3]
	at org.apache.jmeter.threads.JMeterThread.executeSamplePackage(JMeterThread.java:570) [ApacheJMeter_core.jar:5.6.3]
	at org.apache.jmeter.threads.JMeterThread.processSampler(JMeterThread.java:501) [ApacheJMeter_core.jar:5.6.3]
	at org.apache.jmeter.threads.JMeterThread.run(JMeterThread.java:268) [ApacheJMeter_core.jar:5.6.3]
	at java.lang.Thread.run(Unknown Source) [?:1.8.0_421]
	Suppressed: java.lang.IllegalStateException: Unable to compile script StringScriptCacheKey{contents='9d6c03d4941deaf30b73a3b1ee6c9c36'}
		at org.apache.jmeter.util.JSR223TestElement.getCompiledScript(JSR223TestElement.java:264) ~[ApacheJMeter_core.jar:5.6.3]
		at org.apache.jmeter.util.JSR223TestElement.processFileOrScript(JSR223TestElement.java:223) ~[ApacheJMeter_core.jar:5.6.3]
		at org.apache.jmeter.protocol.java.sampler.JSR223Sampler.sample(JSR223Sampler.java:72) [ApacheJMeter_java.jar:5.6.3]
		at org.apache.jmeter.threads.JMeterThread.doSampling(JMeterThread.java:651) [ApacheJMeter_core.jar:5.6.3]
		at org.apache.jmeter.threads.JMeterThread.executeSamplePackage(JMeterThread.java:570) [ApacheJMeter_core.jar:5.6.3]
		at org.apache.jmeter.threads.JMeterThread.processSampler(JMeterThread.java:501) [ApacheJMeter_core.jar:5.6.3]
		at org.apache.jmeter.threads.JMeterThread.run(JMeterThread.java:268) [ApacheJMeter_core.jar:5.6.3]
		at java.lang.Thread.run(Unknown Source) [?:1.8.0_421]
Caused by: org.codehaus.groovy.control.MultipleCompilationErrorsException: startup failed:
Script50.groovy: 2: unable to resolve class java.net.http.HttpClient
 @ line 2, column 1.
   import java.net.http.HttpClient
   ^

Script50.groovy: 3: unable to resolve class java.net.http.WebSocket
 @ line 3, column 1.
   import java.net.http.WebSocket
   ^

Script50.groovy: 23: unable to resolve class WebSocket.Listener
 @ line 23, column 16.
   def listener = [
                  ^

3 errors

	at org.codehaus.groovy.control.ErrorCollector.failIfErrors(ErrorCollector.java:292) ~[groovy-3.0.20.jar:3.0.20]
	at org.codehaus.groovy.control.CompilationUnit$ISourceUnitOperation.doPhaseOperation(CompilationUnit.java:915) ~[groovy-3.0.20.jar:3.0.20]
	at org.codehaus.groovy.control.CompilationUnit.compile(CompilationUnit.java:628) ~[groovy-3.0.20.jar:3.0.20]
	at groovy.lang.GroovyClassLoader.doParseClass(GroovyClassLoader.java:389) ~[groovy-3.0.20.jar:3.0.20]
	at groovy.lang.GroovyClassLoader.lambda$parseClass$3(GroovyClassLoader.java:332) ~[groovy-3.0.20.jar:3.0.20]
	at org.codehaus.groovy.runtime.memoize.StampedCommonCache.compute(StampedCommonCache.java:163) ~[groovy-3.0.20.jar:3.0.20]
	at org.codehaus.groovy.runtime.memoize.StampedCommonCache.getAndPut(StampedCommonCache.java:154) ~[groovy-3.0.20.jar:3.0.20]
	at groovy.lang.GroovyClassLoader.parseClass(GroovyClassLoader.java:330) ~[groovy-3.0.20.jar:3.0.20]
	at groovy.lang.GroovyClassLoader.parseClass(GroovyClassLoader.java:314) ~[groovy-3.0.20.jar:3.0.20]
	at groovy.lang.GroovyClassLoader.parseClass(GroovyClassLoader.java:257) ~[groovy-3.0.20.jar:3.0.20]
	at org.codehaus.groovy.jsr223.GroovyScriptEngineImpl.getScriptClass(GroovyScriptEngineImpl.java:336) ~[groovy-jsr223-3.0.20.jar:3.0.20]
	at org.codehaus.groovy.jsr223.GroovyScriptEngineImpl.compile(GroovyScriptEngineImpl.java:181) ~[groovy-jsr223-3.0.20.jar:3.0.20]
	... 15 more
2026-04-05 16:24:38,701 INFO o.a.j.t.JMeterThread: Thread is done: WebSocket Clients 1-49
2026-04-05 16:24:38,701 INFO o.a.j.t.JMeterThread: Thread finished: WebSocket Clients 1-49
2026-04-05 16:24:38,702 INFO o.a.j.e.StandardJMeterEngine: Notifying test listeners of end of test
2026-04-05 16:24:38,702 INFO o.a.j.s.FileServer: Close: tests/jmeter/config/centers-counters.csv
2026-04-05 16:24:38,703 INFO o.a.j.s.FileServer: Close: tests/jmeter/config/users.csv
2026-04-05 16:24:38,706 INFO o.a.j.r.Summariser: summary +     45 in 00:00:09 =    5.3/s Avg:   358 Min:     3 Max:  1638 Err:    37 (82.22%) Active: 0 Started: 50 Finished: 50
2026-04-05 16:24:38,707 INFO o.a.j.r.Summariser: summary =    150 in 00:00:30 =    4.9/s Avg:   388 Min:     3 Max:  2448 Err:   125 (83.33%)
